id,title,company,location,category,url,source,job_type,priority,publication_date,salary,education,experience_level,is_mnc,placements,package
mnc_14948214,Managing Delivery Architect - SDWAN Delivery Architect,Capgemini,India / Remote,Computer and IT,https://www.themuse.com/jobs/capgemini/managing-delivery-architect-sdwan-delivery-architect-9895f9,MNC Network,Remote,1.0,,,General,Experienced,True,168,11
mnc_21995677,Program Senior Manager,Deloitte,India / Remote,Sales,https://www.themuse.com/jobs/deloitte/program-senior-manager,MNC Network,Remote,1.0,,,General,Experienced,True,95,12
mnc_21756685,SAP/SF Payroll Manager,Deloitte,India / Remote,Software Engineering,https://www.themuse.com/jobs/deloitte/sapsf-payroll-manager-ce86e0,MNC Network,Remote,1.0,,,General,Experienced,True,181,8
mnc_21886283,Tax Manager - Private Wealth,Deloitte,India / Remote,Accounting and Finance,https://www.themuse.com/jobs/deloitte/tax-manager-private-wealth-da45e2,MNC Network,Remote,1.0,,,General,Experienced,True,99,23
mnc_21951392,Microsoft 365 Security Consultant,Deloitte,India / Remote,Computer and IT,https://www.themuse.com/jobs/deloitte/microsoft-365-security-consultant,MNC Network,Remote,1.0,,,General,Experienced,True,100,21
mnc_22103098,SAP ABAP Sr. Consultant,Deloitte,India / Remote,Software Engineering,https://www.themuse.com/jobs/deloitte/sap-abap-sr-consultant,MNC Network,Remote,1.0,,,General,Experienced,True,89,20
mnc_21782402,Cyber Manager - ASM Vulnerability Management - Patching,Deloitte,India / Remote,Management,https://www.themuse.com/jobs/deloitte/cyber-manager-asm-vulnerability-management-patching,MNC Network,Remote,1.0,,,General,Experienced,True,197,23
mnc_21813245,Microsoft D365 F&O Sr Consultant,Deloitte,India / Remote,Accounting and Finance,https://www.themuse.com/jobs/deloitte/microsoft-d365-fo-sr-consultant,MNC Network,Remote,1.0,,,General,Experienced,True,52,14
mnc_22123447,GPS HST Software Engineer III,Deloitte,India / Remote,Corporate,https://www.themuse.com/jobs/deloitte/gps-hst-software-engineer-iii-30fa61,MNC Network,Remote,1.0,,,"BTECH, MCA, BCA",Experienced,True,103,24
mnc_22117053,Analytics and Insights Engineer III - Tableau Developer,Deloitte,India / Remote,Science and Engineering,https://www.themuse.com/jobs/deloitte/analytics-and-insights-engineer-iii-tableau-developer,MNC Network,Remote,1.0,,,"BTECH, MCA, BCA",Experienced,True,160,9
mnc_21818109,Technology Strategy Manager,Deloitte,India / Remote,Data and Analytics,https://www.themuse.com/jobs/deloitte/technology-strategy-manager-27af56,MNC Network,Remote,1.0,,,General,Experienced,True,143,6
mnc_22103130,"Cyber Management Consultant II, Senior Consultant",Deloitte,India / Remote,Management,https://www.themuse.com/jobs/deloitte/cyber-management-consultant-ii-senior-consultant,MNC Network,Remote,1.0,,,General,Experienced,True,50,7
mnc_17934196,"Consulting, Senior Consultant",Deloitte,India / Remote,Software Engineering,https://www.themuse.com/jobs/deloitte/consulting-senior-consultant-d7b732,MNC Network,Remote,1.0,,,General,Experienced,True,80,24
mnc_22123472,"Salesforce Developer, Project-Consultant, Technical Transformation",Deloitte,India / Remote,Corporate,https://www.themuse.com/jobs/deloitte/salesforce-developer-projectconsultant-technical-transformation-2827aa,MNC Network,Remote,1.0,,,"BTECH, MCA, NON-TECH, BCA",Experienced,True,193,6
mnc_22067815,"Inventory Management, Audit Remediation, & Data Analytics Controllership Senior Consultant",Deloitte,India / Remote,Business Operations,https://www.themuse.com/jobs/deloitte/inventory-management-audit-remediation-data-analytics-controllership-senior-consultant,MNC Network,Remote,1.0,,,"BTECH, MSC, BSC",Experienced,True,133,18
mnc_22055314,Business Valuation - Manager,Deloitte,India / Remote,Accounting and Finance,https://www.themuse.com/jobs/deloitte/business-valuation-manager,MNC Network,Remote,1.0,,,General,Experienced,True,88,19
mnc_17952602,"Consulting, Specialist Master",Deloitte,India / Remote,Software Engineering,https://www.themuse.com/jobs/deloitte/consulting-specialist-master-d583be,MNC Network,Remote,1.0,,,General,Experienced,True,94,10
mnc_16674416,GPS Lead Security Specialist,Deloitte,India / Remote,Project Management,https://www.themuse.com/jobs/deloitte/gps-lead-security-specialist,MNC Network,Remote,1.0,,,General,Experienced,True,110,11
mnc_21782373,Workday Financials Manager,Deloitte,India / Remote,Project Management,https://www.themuse.com/jobs/deloitte/workday-financials-manager-7cd8df,MNC Network,Remote,1.0,,,General,Experienced,True,138,11
mnc_16867245,Senior Network Access Engineer - DDI,Deloitte,India / Remote,Software Engineering,https://www.themuse.com/jobs/deloitte/senior-network-access-engineer-ddi-759aac,MNC Network,Remote,1.0,,,"BTECH, MCA, BCA",Experienced,True,86,23
mnc_22024510,"Senior, Full Stack Engineer - Tax Transformation",Deloitte,India / Remote,Data and Analytics,https://www.themuse.com/jobs/deloitte/senior-full-stack-engineer-tax-transformation,MNC Network,Remote,1.0,,,"BTECH, MCA, BCA",Experienced,True,173,11
mnc_17842964,"Financial Risk & Reg - Tech & Analytics, Senior Manager",PwC,India / Remote,Corporate,https://www.themuse.com/jobs/pwc/financial-risk-reg-tech-analytics-senior-manager-4679c2,MNC Network,Remote,1.0,,,General,Experienced,True,92,20
mnc_17346250,SAP TMO Manager,PwC,India / Remote,Corporate,https://www.themuse.com/jobs/pwc/sap-tmo-manager,MNC Network,Remote,1.0,,,General,Experienced,True,159,22
mnc_21575808,"Microsoft D365 CRM + Copilot/AI Functional Lead, Manager",PwC,India / Remote,Data and Analytics,https://www.themuse.com/jobs/pwc/microsoft-d365-crm-copilotai-functional-lead-manager,MNC Network,Remote,1.0,,,General,Experienced,True,108,11
mnc_21835472,Managed Services - Revenue Cycle Coding - Senior Manager,PwC,India / Remote,Business Operations,https://www.themuse.com/jobs/pwc/managed-services-revenue-cycle-coding-senior-manager,MNC Network,Remote,1.0,,,General,Experienced,True,183,22
mnc_21989613,Workforce Technology- Payroll Implementation - Senior Associate,PwC,India / Remote,Data and Analytics,https://www.themuse.com/jobs/pwc/workforce-technology-payroll-implementation-senior-associate-4a711e,MNC Network,Remote,1.0,,,General,Experienced,True,77,12
mnc_17656836,Oracle Cloud Finance Consultant - Senior Manager,PwC,India / Remote,Accounting and Finance,https://www.themuse.com/jobs/pwc/oracle-cloud-finance-consultant-senior-manager-4289f0,MNC Network,Remote,1.0,,,General,Experienced,True,195,15
mnc_21753909,Deals - Deal Valuation - Experienced Associate,PwC,India / Remote,Software Engineering,https://www.themuse.com/jobs/pwc/deals-deal-valuation-experienced-associate,MNC Network,Remote,1.0,,,General,Experienced,True,195,16
mnc_21788079,"Guidewire Technical Lead, Senior Manager",PwC,India / Remote,Data and Analytics,https://www.themuse.com/jobs/pwc/guidewire-technical-lead-senior-manager-18ad1e,MNC Network,Remote,1.0,,,General,Experienced,True,181,20
mnc_21353937,"Duck Creek Application Architect, Manager",PwC,India / Remote,Design and UX,https://www.themuse.com/jobs/pwc/duck-creek-application-architect-manager,MNC Network,Remote,1.0,,,General,Experienced,True,79,8
mnc_18538748,"Properties, Facilities and Marketing Procurement Manager",PwC,India / Remote,Cleaning and Facilities,https://www.themuse.com/jobs/pwc/properties-facilities-and-marketing-procurement-manager,MNC Network,Remote,1.0,,,NON-TECH,Experienced,True,76,23
mnc_21927223,Alliance Sales Director (CRE): Workday,PwC,India / Remote,Sales,https://www.themuse.com/jobs/pwc/alliance-sales-director-cre-workday-6138c3,MNC Network,Remote,1.0,,,NON-TECH,Experienced,True,184,6
mnc_18264674,MDM Senior Architect-Manager,PwC,India / Remote,Data and Analytics,https://www.themuse.com/jobs/pwc/mdm-senior-architectmanager-aea046,MNC Network,Remote,1.0,,,General,Experienced,True,145,14
mnc_17640414,FS Transformation Capital Markets Consultant - Senior Associate,PwC,India / Remote,Human Resources and Recruitment,https://www.themuse.com/jobs/pwc/fs-transformation-capital-markets-consultant-senior-associate-260e2a,MNC Network,Remote,1.0,,,General,Experienced,True,194,7
mnc_22005137,AI Engineer,PwC,India / Remote,Data and Analytics,https://www.themuse.com/jobs/pwc/ai-engineer,MNC Network,Remote,1.0,,,"BTECH, MCA, BCA",Experienced,True,103,20
mnc_21594139,Oracle Finance Implementation Consultant - Experienced Associate,PwC,India / Remote,Accounting and Finance,https://www.themuse.com/jobs/pwc/oracle-finance-implementation-consultant-experienced-associate-467051,MNC Network,Remote,1.0,,,General,Experienced,True,157,9
mnc_21448553,Value Added Tax (VAT) Senior Manager,PwC,India / Remote,Accounting and Finance,https://www.themuse.com/jobs/pwc/value-added-tax-vat-senior-manager-bd06e8,MNC Network,Remote,1.0,,,General,Experienced,True,177,19
mnc_21629368,Adobe Transformation - Senior Manager,PwC,India / Remote,Data and Analytics,https://www.themuse.com/jobs/pwc/adobe-transformation-senior-manager,MNC Network,Remote,1.0,,,General,Experienced,True,169,12
mnc_22013206,Commercial AI Strategy Director,PwC,India / Remote,Data and Analytics,https://www.themuse.com/jobs/pwc/commercial-ai-strategy-director,MNC Network,Remote,1.0,,,General,Experienced,True,133,21
mnc_21870468,"Kinaxis Solutions Architect, Manager",PwC,India / Remote,Data and Analytics,https://www.themuse.com/jobs/pwc/kinaxis-solutions-architect-manager,MNC Network,Remote,1.0,,,General,Experienced,True,125,22
mnc_21870465,Pharma & MedTech End-to-End Supply Chain Manager,PwC,India / Remote,Data and Analytics,https://www.themuse.com/jobs/pwc/pharma-medtech-endtoend-supply-chain-manager,MNC Network,Remote,1.0,,,General,Experienced,True,82,6
arbeitnow_machine-learning-engineer-mlops-engineer-stuttgart-493718,Machine Learning Engineer / MLOps Engineer (m/w/d),Rockstardevelopers GmbH,Stuttgart,Technology,https://www.arbeitnow.com/jobs/companies/rockstardevelopers-gmbh/machine-learning-engineer-mlops-engineer-stuttgart-493718,Arbeitnow,Remote,,2026-05-08,Negotiable,"BTECH, MCA, BCA",Experienced,False,26,3
arbeitnow_senior-site-reliability-engineer-sre-kubernetes-hybrid-cloud-berlin-136254,Senior Site Reliability Engineer / SRE – Kubernetes & Hybrid Cloud (m/f/d),FactFinder,Berlin,Technology,https://www.arbeitnow.com/jobs/companies/factfinder/senior-site-reliability-engineer-sre-kubernetes-hybrid-cloud-berlin-136254,Arbeitnow,On-site,,2026-05-08,Negotiable,"BTECH, MCA, BCA",Experienced,False,40,4
arbeitnow_senior-site-reliability-engineer-all-genders-berlin-357290,Senior Site Reliability Engineer (all genders),FactFinder,Berlin,Technology,https://www.arbeitnow.com/jobs/companies/factfinder/senior-site-reliability-engineer-all-genders-berlin-357290,Arbeitnow,On-site,,2026-05-08,Negotiable,"BTECH, MCA, BCA",Experienced,False,18,3
arbeitnow_software-engineer-release-engineering-326196,"Software Engineer, Release Engineering",mozilla,,Technology,https://www.arbeitnow.com/jobs/companies/mozilla/software-engineer-release-engineering-326196,Arbeitnow,On-site,,2026-05-08,Negotiable,"BTECH, MCA, BCA",Experienced,False,32,5
arbeitnow_werkstudent-mensch-client-service-media-dusseldorf-422658,Werkstudent (Mensch) Client Service Media,wppmedia,Dusseldorf,Technology,https://www.arbeitnow.com/jobs/companies/wppmedia/werkstudent-mensch-client-service-media-dusseldorf-422658,Arbeitnow,On-site,,2026-05-08,Negotiable,General,Experienced,False,6,7
arbeitnow_vice-president-client-analytics-mensch-dusseldorf-frankfurt-hamburg-munich-78822,Vice President Client Analytics (Mensch),wppmedia,Dusseldorf; Frankfurt; Hamburg; Munich,Technology,https://www.arbeitnow.com/jobs/companies/wppmedia/vice-president-client-analytics-mensch-dusseldorf-frankfurt-hamburg-munich-78822,Arbeitnow,On-site,,2026-05-08,Negotiable,General,Experienced,False,23,5
arbeitnow_senior-manager-influencer-marketing-mensch-dusseldorf-77676,Senior Manager Influencer Marketing (Mensch),wppmedia,Dusseldorf,Technology,https://www.arbeitnow.com/jobs/companies/wppmedia/senior-manager-influencer-marketing-mensch-dusseldorf-77676,Arbeitnow,On-site,,2026-05-08,Negotiable,NON-TECH,Experienced,False,35,6
arbeitnow_senior-indirect-procurement-category-manager-marketing-all-genders-berlin-berlin-384965,Senior Indirect Procurement Category Manager - Marketing (All Genders),4lu44n1n37w012k,"Berlin, Berlin",Technology,https://www.arbeitnow.com/jobs/companies/4lu44n1n37w012k/senior-indirect-procurement-category-manager-marketing-all-genders-berlin-berlin-384965,Arbeitnow,On-site,,2026-05-08,Negotiable,NON-TECH,Experienced,False,10,6
arbeitnow_senior-application-product-manager-supply-chain-procurement-munich-95849,Senior Application Product Manager - Supply Chain - Procurement,celonis,Munich,Technology,https://www.arbeitnow.com/jobs/companies/celonis/senior-application-product-manager-supply-chain-procurement-munich-95849,Arbeitnow,On-site,,2026-05-08,Negotiable,General,Experienced,False,25,6
arbeitnow_werkstudent-proposal-management-munchen-400460,Werkstudent Proposal Management (m/w/d),ILF Consulting Engineers Germany GmbH,"München, Bayern, Deutschland",Technology,https://www.arbeitnow.com/jobs/companies/ilf-consulting-engineers-germany-gmbh/werkstudent-proposal-management-munchen-400460,Arbeitnow,On-site,,2026-05-08,Negotiable,General,Experienced,False,30,5
arbeitnow_senior-controller-ulm-37960,(Senior) Controller (m/w/d),qinX,"Ulm, Baden-Württemberg, Deutschland",Technology,https://www.arbeitnow.com/jobs/companies/qinx/senior-controller-ulm-37960,Arbeitnow,On-site,,2026-05-08,Negotiable,General,Experienced,False,39,5
arbeitnow_werkstudent-im-verkauf-mode-und-bekleidung-trier-326915,Werkstudent (m/w/d) im Verkauf Mode und Bekleidung,KULT | OLYMP & HADES,"Trier, Rheinland-Pfalz, Deutschland",Technology,https://www.arbeitnow.com/jobs/companies/kult-olymp-hades/werkstudent-im-verkauf-mode-und-bekleidung-trier-326915,Arbeitnow,On-site,,2026-05-08,Negotiable,General,Experienced,False,15,6
arbeitnow_werkstudent-data-science-offenbach-am-main-426796,Werkstudent (w/m/d) Data Science,Holzland Becker,"Offenbach am Main, Hessen, Deutschland",Technology,https://www.arbeitnow.com/jobs/companies/holzland-becker/werkstudent-data-science-offenbach-am-main-426796,Arbeitnow,On-site,,2026-05-08,Negotiable,"BTECH, MSC, BSC",Experienced,False,12,4
arbeitnow_applied-operations-research-engineer-berlin-227233,Applied Operations Research Engineer,Circonomit,"Berlin, Germany",Technology,https://www.arbeitnow.com/jobs/companies/circonomit/applied-operations-research-engineer-berlin-227233,Arbeitnow,On-site,,2026-05-08,Negotiable,"BTECH, MCA, BCA",Experienced,False,24,4
arbeitnow_applied-operations-research-engineer-cologne-101455,Applied Operations Research Engineer,Circonomit,"Cologne, Germany",Technology,https://www.arbeitnow.com/jobs/companies/circonomit/applied-operations-research-engineer-cologne-101455,Arbeitnow,On-site,,2026-05-08,Negotiable,"BTECH, MCA, BCA",Experienced,False,42,7
arbeitnow_working-student-strategy-market-insights-essen-383211,Working Student Strategy & Market Insights (m/f/d),Edri,Essen,Technology,https://www.arbeitnow.com/jobs/companies/edri/working-student-strategy-market-insights-essen-383211,Arbeitnow,On-site,,2026-05-08,Negotiable,General,Experienced,False,25,5
arbeitnow_working-student-data-analytics-engineering-emobility-essen-200143,Working Student Data Analytics/Engineering eMobility (f/m/d),Edri,Essen,Technology,https://www.arbeitnow.com/jobs/companies/edri/working-student-data-analytics-engineering-emobility-essen-200143,Arbeitnow,On-site,,2026-05-08,Negotiable,"MCA, MSC, BSC, BTECH, BCA",Experienced,False,39,5
arbeitnow_senior-commercial-support-manager-essen-450508,Senior Commercial Support Manager (m/w/d),Edri,Essen,Technology,https://www.arbeitnow.com/jobs/companies/edri/senior-commercial-support-manager-essen-450508,Arbeitnow,On-site,,2026-05-08,Negotiable,General,Experienced,False,26,4
arbeitnow_commercial-strategy-manager-data-quality-kpi-monitoring-processes-essen-11382,"Commercial Strategy Manager – Data Quality, KPI Monitoring, Processes (m/w/d)",Edri,Essen,Technology,https://www.arbeitnow.com/jobs/companies/edri/commercial-strategy-manager-data-quality-kpi-monitoring-processes-essen-11382,Arbeitnow,On-site,,2026-05-08,Negotiable,"BTECH, MSC, BSC",Experienced,False,11,6
arbeitnow_senior-marketing-manager-events-partnerships-hybrid-munchen-248774,(Senior) Marketing Manager – Events & Partnerships (d/w/m*),Pixxio,Hybrid/München,Technology,https://www.arbeitnow.com/jobs/companies/pixxio/senior-marketing-manager-events-partnerships-hybrid-munchen-248774,Arbeitnow,Hybrid,,2026-05-08,Negotiable,NON-TECH,Experienced,False,47,5
arbeitnow_senior-manager-recruiting-employer-branding-berlin-392168,Senior Manager Recruiting & Employer Branding (m/f/d),Sanoptis,Berlin,Technology,https://www.arbeitnow.com/jobs/companies/sanoptis/senior-manager-recruiting-employer-branding-berlin-392168,Arbeitnow,On-site,,2026-05-08,Negotiable,General,Experienced,False,22,6
arbeitnow_working-student-it-support-systems-garching-b-munchen-de-430980,Working Student – IT Support & Systems,Planqc Gmbh,Garching b. München (DE),Technology,https://www.arbeitnow.com/jobs/companies/planqc-gmbh/working-student-it-support-systems-garching-b-munchen-de-430980,Arbeitnow,On-site,,2026-05-08,Negotiable,General,Experienced,False,40,3
arbeitnow_werkstudent-marketing-vertrieb-nurnberg-192647,Werkstudent Marketing & Vertrieb (m/w/d),Nerdware,Nürnberg,Technology,https://www.arbeitnow.com/jobs/companies/nerdware/werkstudent-marketing-vertrieb-nurnberg-192647,Arbeitnow,On-site,,2026-05-08,Negotiable,NON-TECH,Experienced,False,38,4
arbeitnow_senior-project-manager-post-merger-integration-bremen-186520,(Senior) Project Manager Post Merger Integration [m/w/d],GBC Group,Bremen,Technology,https://www.arbeitnow.com/jobs/companies/gbc-group/senior-project-manager-post-merger-integration-bremen-186520,Arbeitnow,On-site,,2026-05-08,Negotiable,General,Experienced,False,49,3
arbeitnow_working-student-recruiting-brunswick-germany-39315,Working Student Recruiting (m/f/d),OKAPI:Orbits GmbH,Brunswick (Germany),Technology,https://www.arbeitnow.com/jobs/companies/okapiorbits-gmbh/working-student-recruiting-brunswick-germany-39315,Arbeitnow,On-site,,2026-05-08,Negotiable,General,Experienced,False,15,7
arbeitnow_senior-satellite-systems-engineer-brunswick-germany-282658,Senior Satellite Systems Engineer,OKAPI:Orbits GmbH,Brunswick (Germany),Technology,https://www.arbeitnow.com/jobs/companies/okapiorbits-gmbh/senior-satellite-systems-engineer-brunswick-germany-282658,Arbeitnow,On-site,,2026-05-08,Negotiable,"BTECH, MCA, BCA",Experienced,False,42,4
arbeitnow_staff-ai-engineer-2nd-horizon-germany-remote-243956,Staff AI Engineer - 2nd Horizon | Germany | Remote,grafanalabs,,Technology,https://www.arbeitnow.com/jobs/companies/grafanalabs/staff-ai-engineer-2nd-horizon-germany-remote-243956,Arbeitnow,On-site,,2026-05-08,Negotiable,"BTECH, MCA, BCA",Experienced,False,22,5
arbeitnow_senior-specialist-employee-relations-emea-306451,"Senior Specialist, Employee Relations - EMEA",remotecom,,Technology,https://www.arbeitnow.com/jobs/companies/remotecom/senior-specialist-employee-relations-emea-306451,Arbeitnow,On-site,,2026-05-08,Negotiable,General,Experienced,False,28,6
arbeitnow_software-engineer-platform-munich-germany-26876,"Software Engineer, Platform - Munich, Germany",speechify,Munich,Technology,https://www.arbeitnow.com/jobs/companies/speechify/software-engineer-platform-munich-germany-26876,Arbeitnow,On-site,,2026-05-08,Negotiable,"BTECH, MCA, BCA",Experienced,False,18,4
arbeitnow_software-engineer-platform-cologne-germany-466812,"Software Engineer, Platform - Cologne, Germany",speechify,Cologne,Technology,https://www.arbeitnow.com/jobs/companies/speechify/software-engineer-platform-cologne-germany-466812,Arbeitnow,On-site,,2026-05-08,Negotiable,"BTECH, MCA, BCA",Experienced,False,27,6
arbeitnow_software-engineer-data-infrastructure-acquisition-frankfurt-germany-409230,"Software Engineer, Data Infrastructure & Acquisition - Frankfurt, Germany",speechify,Frankfurt,Technology,https://www.arbeitnow.com/jobs/companies/speechify/software-engineer-data-infrastructure-acquisition-frankfurt-germany-409230,Arbeitnow,On-site,,2026-05-08,Negotiable,"MCA, MSC, BSC, BTECH, BCA",Experienced,False,16,4
arbeitnow_software-engineer-data-infrastructure-acquisition-berlin-germany-284996,"Software Engineer, Data Infrastructure & Acquisition - Berlin, Germany",speechify,Berlin,Technology,https://www.arbeitnow.com/jobs/companies/speechify/software-engineer-data-infrastructure-acquisition-berlin-germany-284996,Arbeitnow,On-site,,2026-05-08,Negotiable,"MCA, MSC, BSC, BTECH, BCA",Experienced,False,21,4
arbeitnow_senior-software-engineer-windows-desktop-applications-cologne-germany-452373,"Senior Software Engineer, Windows/Desktop Applications - Cologne, Germany",speechify,Cologne,Technology,https://www.arbeitnow.com/jobs/companies/speechify/senior-software-engineer-windows-desktop-applications-cologne-germany-452373,Arbeitnow,On-site,,2026-05-08,Negotiable,"BTECH, MCA, BCA",Experienced,False,5,3
arbeitnow_senior-software-engineer-windows-desktop-applications-berlin-germany-374757,"Senior Software Engineer, Windows/Desktop Applications - Berlin, Germany",speechify,Berlin,Technology,https://www.arbeitnow.com/jobs/companies/speechify/senior-software-engineer-windows-desktop-applications-berlin-germany-374757,Arbeitnow,On-site,,2026-05-08,Negotiable,"BTECH, MCA, BCA",Experienced,False,47,7
arbeitnow_senior-software-engineer-core-experiences-cologne-germany-79481,"Senior Software Engineer, Core Experiences - Cologne, Germany",speechify,Cologne,Technology,https://www.arbeitnow.com/jobs/companies/speechify/senior-software-engineer-core-experiences-cologne-germany-79481,Arbeitnow,On-site,,2026-05-08,Negotiable,"BTECH, MCA, BCA",Experienced,False,44,7
arbeitnow_senior-software-engineer-core-experiences-berlin-germany-26502,"Senior Software Engineer, Core Experiences - Berlin, Germany",speechify,Berlin,Technology,https://www.arbeitnow.com/jobs/companies/speechify/senior-software-engineer-core-experiences-berlin-germany-26502,Arbeitnow,On-site,,2026-05-08,Negotiable,"BTECH, MCA, BCA",Experienced,False,28,6
arbeitnow_senior-customer-success-manager-munchen-bavaria-474817,Senior Customer Success Manager,diligentcorporation,"München, Bavaria",Technology,https://www.arbeitnow.com/jobs/companies/diligentcorporation/senior-customer-success-manager-munchen-bavaria-474817,Arbeitnow,On-site,,2026-05-08,Negotiable,General,Experienced,False,19,3
arbeitnow_product-manager-bsg-376558,"Product Manager, BSG (m/f/d)",autoscout24,,Technology,https://www.arbeitnow.com/jobs/companies/autoscout24/product-manager-bsg-376558,Arbeitnow,On-site,,2026-05-08,Negotiable,General,Experienced,False,20,3
arbeitnow_remote-sales-executive-7835,Sales Executive,Andercore,Remote,Technology,https://www.arbeitnow.com/jobs/companies/andercore/remote-sales-executive-7835,Arbeitnow,Remote,,2026-05-08,Negotiable,NON-TECH,Experienced,False,6,4
arbeitnow_finance-and-accounting-intern-berlin-302025,Finance and Accounting Intern,Andercore,Berlin,Technology,https://www.arbeitnow.com/jobs/companies/andercore/finance-and-accounting-intern-berlin-302025,Arbeitnow,On-site,,2026-05-08,Negotiable,General,Fresher,False,30,5
arbeitnow_teamleiter-kommissionierung-neuss-444487,Teamleiter (m/w/d) Kommissionierung,Tabel GmbH,"Neuss, Nordrhein-Westfalen, Deutschland",Technology,https://www.arbeitnow.com/jobs/companies/tabel-gmbh/teamleiter-kommissionierung-neuss-444487,Arbeitnow,On-site,,2026-05-08,Negotiable,General,Experienced,False,16,6
arbeitnow_teamleiter-kommissionierung-neuss-485046,Teamleiter (m/w/d) Kommissionierung,Tabel GmbH,"Neuss, Nordrhein-Westfalen, Deutschland",Technology,https://www.arbeitnow.com/jobs/companies/tabel-gmbh/teamleiter-kommissionierung-neuss-485046,Arbeitnow,On-site,,2026-05-08,Negotiable,General,Experienced,False,7,4
arbeitnow_teamleiter-operativer-einkauf-bad-salzuflen-276017,Teamleiter Operativer Einkauf (m/w/d),ANGEHEUERT GmbH,"Bad Salzuflen, Nordrhein-Westfalen, Deutschland",Technology,https://www.arbeitnow.com/jobs/companies/angeheuert-gmbh/teamleiter-operativer-einkauf-bad-salzuflen-276017,Arbeitnow,On-site,,2026-05-08,Negotiable,General,Experienced,False,37,6
arbeitnow_teamleiter-operativer-einkauf-mwd-bad-salzuflen-bielefeld-187270,Teamleiter Operativer Einkauf (m|w|d) Bad Salzuflen,ANGEHEUERT GmbH,"Bielefeld, Nordrhein-Westfalen, Deutschland",Technology,https://www.arbeitnow.com/jobs/companies/angeheuert-gmbh/teamleiter-operativer-einkauf-mwd-bad-salzuflen-bielefeld-187270,Arbeitnow,On-site,,2026-05-08,Negotiable,General,Experienced,False,41,3
arbeitnow_teamleiter-operativer-einkauf-mwd-bad-salzuflen-paderborn-255051,🛒 Teamleiter Operativer Einkauf (m|w|d) 📍 Bad Salzuflen,ANGEHEUERT GmbH,"Paderborn, Nordrhein-Westfalen, Deutschland",Technology,https://www.arbeitnow.com/jobs/companies/angeheuert-gmbh/teamleiter-operativer-einkauf-mwd-bad-salzuflen-paderborn-255051,Arbeitnow,On-site,,2026-05-08,Negotiable,General,Experienced,False,14,5
arbeitnow_remote-systemadministrator-linux-freiburg-im-breisgau-105893,Systemadministrator Linux (m/w/d),ANGEHEUERT GmbH,Homeoffice,Technology,https://www.arbeitnow.com/jobs/companies/angeheuert-gmbh/remote-systemadministrator-linux-freiburg-im-breisgau-105893,Arbeitnow,Remote,,2026-05-08,Negotiable,General,Experienced,False,11,6
arbeitnow_remote-linux-systemadministrator-freiburg-im-breisgau-38559,Linux-Systemadministrator (m/w/d),ANGEHEUERT GmbH,Homeoffice,Technology,https://www.arbeitnow.com/jobs/companies/angeheuert-gmbh/remote-linux-systemadministrator-freiburg-im-breisgau-38559,Arbeitnow,Remote,,2026-05-08,Negotiable,General,Experienced,False,25,3
arbeitnow_automation-engineer-plc-plant-control-cologne-ger-404460,Automation Engineer - PLC / Plant Control (m/f/d),METYCLE,Cologne (GER),Technology,https://www.arbeitnow.com/jobs/companies/metycle/automation-engineer-plc-plant-control-cologne-ger-404460,Arbeitnow,On-site,,2026-05-08,Negotiable,"BTECH, MCA, BCA",Experienced,False,22,6
arbeitnow_senior-sales-manager-impact-festival-frankfurt-am-main-445894,(Senior) Sales Manager (m/w/d) - IMPACT FESTIVAL,Techquartier,Frankfurt am Main,Technology,https://www.arbeitnow.com/jobs/companies/techquartier/senior-sales-manager-impact-festival-frankfurt-am-main-445894,Arbeitnow,On-site,,2026-05-08,Negotiable,NON-TECH,Experienced,False,10,5
arbeitnow_senior-event-operations-manager-frankfurt-am-main-378240,(Senior) Event & Operations Manager (m/w/d),Techquartier,Frankfurt am Main,Technology,https://www.arbeitnow.com/jobs/companies/techquartier/senior-event-operations-manager-frankfurt-am-main-378240,Arbeitnow,On-site,,2026-05-08,Negotiable,General,Experienced,False,6,3
arbeitnow_werkstudentin-key-account-management-all-genders-munchen-147690,Werkstudent:in Key Account Management (all genders),RECUP,München,Technology,https://www.arbeitnow.com/jobs/companies/recup/werkstudentin-key-account-management-all-genders-munchen-147690,Arbeitnow,On-site,,2026-05-08,Negotiable,General,Experienced,False,21,4
arbeitnow_werkstudent-vertrieb-grunstrom-hamburg-35502,Werkstudent Vertrieb Grünstrom (m/w/d),Ane,Hamburg,Technology,https://www.arbeitnow.com/jobs/companies/ane/werkstudent-vertrieb-grunstrom-hamburg-35502,Arbeitnow,On-site,,2026-05-08,Negotiable,General,Experienced,False,24,4
arbeitnow_pickmeup-i-werkstudentin-kreation-all-genders-hamburg-228718,PickMeUp I Werkstudent*in Kreation (all genders),Pahnke GmbH & Co. KG,Hamburg,Technology,https://www.arbeitnow.com/jobs/companies/pahnke-gmbh-co-kg/pickmeup-i-werkstudentin-kreation-all-genders-hamburg-228718,Arbeitnow,On-site,,2026-05-08,Negotiable,General,Experienced,False,49,3
arbeitnow_pickmeup-i-werkstudentin-beratung-projektmanagement-all-genders-hamburg-90771,PickMeUp I Werkstudent*in Beratung / Projektmanagement (all genders),Pahnke GmbH & Co. KG,Hamburg,Technology,https://www.arbeitnow.com/jobs/companies/pahnke-gmbh-co-kg/pickmeup-i-werkstudentin-beratung-projektmanagement-all-genders-hamburg-90771,Arbeitnow,On-site,,2026-05-08,Negotiable,General,Experienced,False,21,6
arbeitnow_principal-decision-scientist-marketing-germany-berlin-38072,Principal Decision Scientist - Marketing,Pipedrive,"Germany, Berlin",Technology,https://www.arbeitnow.com/jobs/companies/pipedrive/principal-decision-scientist-marketing-germany-berlin-38072,Arbeitnow,On-site,,2026-05-08,Negotiable,NON-TECH,Experienced,False,33,7
arbeitnow_account-executive-sme-credit-berlin-129391,Account Executive – SME Credit,tide,Berlin,Technology,https://www.arbeitnow.com/jobs/companies/tide/account-executive-sme-credit-berlin-129391,Arbeitnow,On-site,,2026-05-08,Negotiable,General,Experienced,False,11,6
arbeitnow_senior-ai-specialist-operations-berlin-berlin-445464,Senior AI Specialist (Operations) (x/f/m),Doctolib,"Berlin, Berlin",Technology,https://www.arbeitnow.com/jobs/companies/doctolib/senior-ai-specialist-operations-berlin-berlin-445464,Arbeitnow,On-site,,2026-05-08,Negotiable,General,Experienced,False,15,6
arbeitnow_enterprise-account-executive-dach-196194,Enterprise Account Executive - DACH,talkdesk2,,Technology,https://www.arbeitnow.com/jobs/companies/talkdesk2/enterprise-account-executive-dach-196194,Arbeitnow,On-site,,2026-05-08,Negotiable,General,Experienced,False,19,3
arbeitnow_senior-tech-lead-backend-engineer-managed-kubernetes-berlin-38502,Senior/Tech Lead Backend Engineer (Managed Kubernetes),Nebius,Berlin,Technology,https://www.arbeitnow.com/jobs/companies/nebius/senior-tech-lead-backend-engineer-managed-kubernetes-berlin-38502,Arbeitnow,On-site,,2026-05-08,Negotiable,"BTECH, MCA, BCA",Experienced,False,15,3
arbeitnow_senior-software-engineer-stream-processing-berlin-425547,Senior Software Engineer (Stream Processing),Nebius,Berlin,Technology,https://www.arbeitnow.com/jobs/companies/nebius/senior-software-engineer-stream-processing-berlin-425547,Arbeitnow,On-site,,2026-05-08,Negotiable,"BTECH, MCA, BCA",Experienced,False,43,7
arbeitnow_principal-emea-gtm-physical-ai-462343,"Principal, EMEA GTM - Physical AI",Nebius,,Technology,https://www.arbeitnow.com/jobs/companies/nebius/principal-emea-gtm-physical-ai-462343,Arbeitnow,On-site,,2026-05-08,Negotiable,General,Experienced,False,35,5
arbeitnow_senior-customer-success-manager-326771,Senior Customer Success Manager,nice,,Technology,https://www.arbeitnow.com/jobs/companies/nice/senior-customer-success-manager-326771,Arbeitnow,On-site,,2026-05-08,Negotiable,General,Experienced,False,14,4
arbeitnow_software-engineer-platform-germany-319586,"Software Engineer, Platform",Speechify,Germany,Technology,https://www.arbeitnow.com/jobs/companies/speechify/software-engineer-platform-germany-319586,Arbeitnow,On-site,,2026-05-08,Negotiable,"BTECH, MCA, BCA",Experienced,False,21,4
arbeitnow_senior-backend-engineer-investing-berlin-52342,(Senior) Backend Engineer - Investing (f/m/x),Lemon Markets,Germany  (Hybrid),Technology,https://www.arbeitnow.com/jobs/companies/lemon-markets/senior-backend-engineer-investing-berlin-52342,Arbeitnow,Hybrid,,2026-05-08,Negotiable,"BTECH, MCA, BCA",Experienced,False,5,4
arbeitnow_senior-backend-engineer-banking-berlin-257486,(Senior) Backend Engineer - Banking (f/m/x),Lemon Markets,Germany  (Hybrid),Technology,https://www.arbeitnow.com/jobs/companies/lemon-markets/senior-backend-engineer-banking-berlin-257486,Arbeitnow,Hybrid,,2026-05-08,Negotiable,"BTECH, MCA, NON-TECH, BCA",Experienced,False,14,4
arbeitnow_senior-backend-engineer-berlin-58812,Senior Backend Engineer,Peec AI,Berlin,Technology,https://www.arbeitnow.com/jobs/companies/peec-ai/senior-backend-engineer-berlin-58812,Arbeitnow,On-site,,2026-05-08,Negotiable,"BTECH, MCA, BCA",Experienced,False,6,6
arbeitnow_territory-account-manager-enterprise-sales-germany-munchen-78125,"Territory Account Manager, Enterprise Sales - Germany",NETGEAR,"Munich, Germany",Technology,https://www.arbeitnow.com/jobs/companies/netgear/territory-account-manager-enterprise-sales-germany-munchen-78125,Arbeitnow,On-site,,2026-05-08,Negotiable,NON-TECH,Experienced,False,24,7
arbeitnow_internship-machine-learning-research-engineer-berlin-218002,Internship - Machine Learning Research Engineer,Perplexity,Berlin,Technology,https://www.arbeitnow.com/jobs/companies/perplexity/internship-machine-learning-research-engineer-berlin-218002,Arbeitnow,On-site,,2026-05-08,Negotiable,"BTECH, MCA, BCA",Fresher,False,13,3
arbeitnow_head-of-engineering-munich-474990,Head of Engineering,comstruct ICT,Munich,Technology,https://www.arbeitnow.com/jobs/companies/comstruct-ict/head-of-engineering-munich-474990,Arbeitnow,On-site,,2026-05-08,Negotiable,"BTECH, MCA, BCA",Experienced,False,23,4
arbeitnow_servicetechniker-warmepumpen-berlin-30484,Servicetechniker (m/w/d) Wärmepumpen,GALVANY,Berlin,Technology,https://www.arbeitnow.com/jobs/companies/galvany/servicetechniker-warmepumpen-berlin-30484,Arbeitnow,On-site,,2026-05-08,Negotiable,General,Experienced,False,37,5
arbeitnow_field-service-quality-manager-berlin-378102,Field Service Quality Manager (m/w/d),GALVANY,Berlin,Technology,https://www.arbeitnow.com/jobs/companies/galvany/field-service-quality-manager-berlin-378102,Arbeitnow,On-site,,2026-05-08,Negotiable,General,Experienced,False,33,7
arbeitnow_software-engineer-ml-ops-and-platform-munich-333631,"Software Engineer, ML Ops and Platform",Tools for Humanity,Munich,Technology,https://www.arbeitnow.com/jobs/companies/tools-for-humanity/software-engineer-ml-ops-and-platform-munich-333631,Arbeitnow,On-site,,2026-05-08,Negotiable,"BTECH, MCA, BCA",Experienced,False,49,7
arbeitnow_working-student-office-management-hamburg-106121,Working Student - Office Management (f/m/d),Zeal Network,Hamburg,Technology,https://www.arbeitnow.com/jobs/companies/zeal-network/working-student-office-management-hamburg-106121,Arbeitnow,On-site,,2026-05-08,Negotiable,General,Experienced,False,48,6
arbeitnow_customer-operations-ai-automation-manager-germany-106343,Customer Operations AI & Automation Manager (f/m/d),Zeal Network,Germany,Technology,https://www.arbeitnow.com/jobs/companies/zeal-network/customer-operations-ai-automation-manager-germany-106343,Arbeitnow,On-site,,2026-05-08,Negotiable,General,Experienced,False,45,4
arbeitnow_senior-media-buyer-vollzeit-hamburg-344965,Senior Media-Buyer – Vollzeit (m/w/d),Cordes Consulting GmbH,"Hamburg, Hamburg, Deutschland",Technology,https://www.arbeitnow.com/jobs/companies/cordes-consulting-gmbh/senior-media-buyer-vollzeit-hamburg-344965,Arbeitnow,On-site,,2026-05-08,Negotiable,General,Experienced,False,39,6
arbeitnow_senior-foto-videograph-in-vollzeit-hamburg-59653,Senior Foto- & Videograph/-in - Vollzeit (m/w/d),Cordes Consulting GmbH,"Hamburg, Hamburg, Deutschland",Technology,https://www.arbeitnow.com/jobs/companies/cordes-consulting-gmbh/senior-foto-videograph-in-vollzeit-hamburg-59653,Arbeitnow,On-site,,2026-05-08,Negotiable,General,Experienced,False,28,3
arbeitnow_senior-webdesigner-vollzeit-hamburg-188991,Senior Webdesigner - Vollzeit (m/w/d),Cordes Consulting GmbH,"Hamburg, Hamburg, Deutschland",Technology,https://www.arbeitnow.com/jobs/companies/cordes-consulting-gmbh/senior-webdesigner-vollzeit-hamburg-188991,Arbeitnow,On-site,,2026-05-08,Negotiable,General,Experienced,False,47,5
arbeitnow_junior-grafikdesigner-in-vollzeit-hamburg-179289,Junior Grafikdesigner/in – Vollzeit (m/w/d),Cordes Consulting GmbH,"Hamburg, Hamburg, Deutschland",Technology,https://www.arbeitnow.com/jobs/companies/cordes-consulting-gmbh/junior-grafikdesigner-in-vollzeit-hamburg-179289,Arbeitnow,On-site,,2026-05-08,Negotiable,General,Fresher,False,21,7
arbeitnow_senior-kundenbetreuer-customer-success-manager-hamburg-465067,Senior Kundenbetreuer / Customer Success Manager (m/w/d),Cordes Consulting GmbH,"Hamburg, Hamburg, Deutschland",Technology,https://www.arbeitnow.com/jobs/companies/cordes-consulting-gmbh/senior-kundenbetreuer-customer-success-manager-hamburg-465067,Arbeitnow,On-site,,2026-05-08,Negotiable,General,Experienced,False,20,4
arbeitnow_senior-performance-marketer-in-vollzeit-hamburg-396528,Senior-Performance-Marketer/in – Vollzeit (m/w/d),Cordes Consulting GmbH,"Hamburg, Hamburg, Deutschland",Technology,https://www.arbeitnow.com/jobs/companies/cordes-consulting-gmbh/senior-performance-marketer-in-vollzeit-hamburg-396528,Arbeitnow,On-site,,2026-05-08,Negotiable,General,Experienced,False,44,6
arbeitnow_grafikdesigner-in-vollzeit-hamburg-148296,Grafikdesigner/in – Vollzeit (m/w/d),Cordes Consulting GmbH,"Hamburg, Hamburg, Deutschland",Technology,https://www.arbeitnow.com/jobs/companies/cordes-consulting-gmbh/grafikdesigner-in-vollzeit-hamburg-148296,Arbeitnow,On-site,,2026-05-08,Negotiable,General,Experienced,False,45,7
arbeitnow_senior-projektmanager-vollzeit-hamburg-378259,Senior Projektmanager - Vollzeit (m/w/d),Cordes Consulting GmbH,"Hamburg, Hamburg, Deutschland",Technology,https://www.arbeitnow.com/jobs/companies/cordes-consulting-gmbh/senior-projektmanager-vollzeit-hamburg-378259,Arbeitnow,On-site,,2026-05-08,Negotiable,General,Experienced,False,19,6
arbeitnow_senior-key-account-manager-in-vollzeit-hamburg-179572,Senior Key-Account-Manager/in - Vollzeit (m/w/d),Cordes Consulting GmbH,"Hamburg, Hamburg, Deutschland",Technology,https://www.arbeitnow.com/jobs/companies/cordes-consulting-gmbh/senior-key-account-manager-in-vollzeit-hamburg-179572,Arbeitnow,On-site,,2026-05-08,Negotiable,General,Experienced,False,22,3
arbeitnow_senior-wirtschaftsinformatiker-in-vollzeit-hamburg-70625,Senior Wirtschaftsinformatiker/-in - Vollzeit (m/w/d),Cordes Consulting GmbH,"Hamburg, Hamburg, Deutschland",Technology,https://www.arbeitnow.com/jobs/companies/cordes-consulting-gmbh/senior-wirtschaftsinformatiker-in-vollzeit-hamburg-70625,Arbeitnow,On-site,,2026-05-08,Negotiable,General,Experienced,False,39,5
arbeitnow_senior-automatisierungs-und-integrationsspezialist-hamburg-367200,Senior Automatisierungs- und Integrationsspezialist (m/w/d),Cordes Consulting GmbH,"Hamburg, Hamburg, Deutschland",Technology,https://www.arbeitnow.com/jobs/companies/cordes-consulting-gmbh/senior-automatisierungs-und-integrationsspezialist-hamburg-367200,Arbeitnow,On-site,,2026-05-08,Negotiable,General,Experienced,False,17,3
arbeitnow_senior-no-code-low-code-automatisierungsexperte-vollzeit-zapier-makecom-n8n-airtable-etc-hamburg-37715,"Senior No-Code / Low-Code Automatisierungsexperte (m/w/d) – Vollzeit (Zapier, Make.com, n8n, AirTable etc.)",Cordes Consulting GmbH,"Hamburg, Hamburg, Deutschland",Technology,https://www.arbeitnow.com/jobs/companies/cordes-consulting-gmbh/senior-no-code-low-code-automatisierungsexperte-vollzeit-zapier-makecom-n8n-airtable-etc-hamburg-37715,Arbeitnow,On-site,,2026-05-08,Negotiable,General,Experienced,False,39,6
arbeitnow_senior-fachinformatiker-in-vollzeit-hamburg-484669,Senior Fachinformatiker/-in (m/w/d) – Vollzeit,Cordes Consulting GmbH,"Hamburg, Hamburg, Deutschland",Technology,https://www.arbeitnow.com/jobs/companies/cordes-consulting-gmbh/senior-fachinformatiker-in-vollzeit-hamburg-484669,Arbeitnow,On-site,,2026-05-08,Negotiable,General,Experienced,False,6,4
arbeitnow_senior-social-media-manager-in-hamburg-396026,Senior Social-Media-Manager/-in (m/w/d),Cordes Consulting GmbH,"Hamburg, Hamburg, Deutschland",Technology,https://www.arbeitnow.com/jobs/companies/cordes-consulting-gmbh/senior-social-media-manager-in-hamburg-396026,Arbeitnow,On-site,,2026-05-08,Negotiable,General,Experienced,False,38,6
arbeitnow_fachinformatiker-in-vollzeit-hamburg-66067,Fachinformatiker/-in (m/w/d) – Vollzeit,Cordes Consulting GmbH,"Hamburg, Hamburg, Deutschland",Technology,https://www.arbeitnow.com/jobs/companies/cordes-consulting-gmbh/fachinformatiker-in-vollzeit-hamburg-66067,Arbeitnow,On-site,,2026-05-08,Negotiable,General,Experienced,False,40,5
arbeitnow_wirtschaftsinformatiker-in-vollzeit-hamburg-16265,Wirtschaftsinformatiker/-in - Vollzeit (m/w/d),Cordes Consulting GmbH,"Hamburg, Hamburg, Deutschland",Technology,https://www.arbeitnow.com/jobs/companies/cordes-consulting-gmbh/wirtschaftsinformatiker-in-vollzeit-hamburg-16265,Arbeitnow,On-site,,2026-05-08,Negotiable,General,Experienced,False,14,5
arbeitnow_senior-fullstack-entwickler-hamburg-355748,Senior Fullstack Entwickler (m/w/d),Cordes Consulting GmbH,"Hamburg, Hamburg, Deutschland",Technology,https://www.arbeitnow.com/jobs/companies/cordes-consulting-gmbh/senior-fullstack-entwickler-hamburg-355748,Arbeitnow,On-site,,2026-05-08,Negotiable,General,Experienced,False,30,3
arbeitnow_fullstack-entwickler-hamburg-292261,Fullstack Entwickler (m/w/d),Cordes Consulting GmbH,"Hamburg, Hamburg, Deutschland",Technology,https://www.arbeitnow.com/jobs/companies/cordes-consulting-gmbh/fullstack-entwickler-hamburg-292261,Arbeitnow,On-site,,2026-05-08,Negotiable,General,Experienced,False,20,7
arbeitnow_junior-wirtschaftsinformatiker-in-vollzeit-hamburg-45188,Junior Wirtschaftsinformatiker/-in - Vollzeit (m/w/d),Cordes Consulting GmbH,"Hamburg, Hamburg, Deutschland",Technology,https://www.arbeitnow.com/jobs/companies/cordes-consulting-gmbh/junior-wirtschaftsinformatiker-in-vollzeit-hamburg-45188,Arbeitnow,On-site,,2026-05-08,Negotiable,General,Fresher,False,32,6
arbeitnow_junior-fachinformatiker-in-vollzeit-hamburg-211023,Junior Fachinformatiker/-in (m/w/d) – Vollzeit,Cordes Consulting GmbH,"Hamburg, Hamburg, Deutschland",Technology,https://www.arbeitnow.com/jobs/companies/cordes-consulting-gmbh/junior-fachinformatiker-in-vollzeit-hamburg-211023,Arbeitnow,On-site,,2026-05-08,Negotiable,General,Fresher,False,21,3
arbeitnow_senior-it-systemintegrator-no-code-low-code-zapier-makecom-n8n-airtable-etc-hamburg-42964,"Senior IT-Systemintegrator No-Code / Low-Code (m/w/d) – (Zapier, Make.com, n8n, AirTable etc.)",Cordes Consulting GmbH,"Hamburg, Hamburg, Deutschland",Technology,https://www.arbeitnow.com/jobs/companies/cordes-consulting-gmbh/senior-it-systemintegrator-no-code-low-code-zapier-makecom-n8n-airtable-etc-hamburg-42964,Arbeitnow,On-site,,2026-05-08,Negotiable,General,Experienced,False,41,3
arbeitnow_senior-it-projektleiter-hamburg-306020,Senior-IT-Projektleiter (m/w/d),Cordes Consulting GmbH,"Hamburg, Hamburg, Deutschland",Technology,https://www.arbeitnow.com/jobs/companies/cordes-consulting-gmbh/senior-it-projektleiter-hamburg-306020,Arbeitnow,On-site,,2026-05-08,Negotiable,General,Experienced,False,36,6
arbeitnow_senior-recruiter-vollzeit-hamburg-399330,Senior Recruiter - Vollzeit (m/w/d),Cordes Consulting GmbH,"Hamburg, Hamburg, Deutschland",Technology,https://www.arbeitnow.com/jobs/companies/cordes-consulting-gmbh/senior-recruiter-vollzeit-hamburg-399330,Arbeitnow,On-site,,2026-05-08,Negotiable,General,Experienced,False,46,4
arbeitnow_working-student-communications-social-media-marketing-berlin-495032,"Working Student – Communications, Social Media & Marketing (f/m/d)",TYTAN Technologies GmbH,"Berlin, Berlin, Germany",Technology,https://www.arbeitnow.com/jobs/companies/tytan-technologies-gmbh/working-student-communications-social-media-marketing-berlin-495032,Arbeitnow,On-site,,2026-05-08,Negotiable,NON-TECH,Experienced,False,8,5
arbeitnow_senior-site-reliability-engineer-berlin-333367,Senior Site Reliability Engineer,Cloudfactory,"Berlin, Germany",Technology,https://www.arbeitnow.com/jobs/companies/cloudfactory/senior-site-reliability-engineer-berlin-333367,Arbeitnow,On-site,,2026-05-08,Negotiable,"BTECH, MCA, BCA",Experienced,False,30,4
arbeitnow_forward-deployed-engineer-berlin-99601,Forward Deployed Engineer,Cloudfactory,"Berlin, Germany",Technology,https://www.arbeitnow.com/jobs/companies/cloudfactory/forward-deployed-engineer-berlin-99601,Arbeitnow,On-site,,2026-05-08,Negotiable,"BTECH, MCA, BCA",Experienced,False,9,5
arbeitnow_senior-strategist-data-ai-remote-us-uk-nigeria-ethiopia-india-or-rwanda-united-states-nigeria-ethiopia-india-or-rwanda-298614,"Senior Strategist, Data & AI (Remote - US, UK, Nigeria, Ethiopia, India or Rwanda)",Resolvetosavelives,"United States, Nigeria, Ethiopia, India or Rwanda",Technology,https://www.arbeitnow.co.uk/jobs/companies/resolvetosavelives/senior-strategist-data-ai-remote-us-uk-nigeria-ethiopia-india-or-rwanda-united-states-nigeria-ethiopia-india-or-rwanda-298614,Arbeitnow,On-site,,2026-05-08,Negotiable,"BTECH, MSC, BSC",Experienced,False,42,7
arbeitnow_senior-data-engineer-london-374837,Senior Data Engineer,Zoominfo,London,Technology,https://www.arbeitnow.co.uk/jobs/companies/zoominfo/senior-data-engineer-london-374837,Arbeitnow,On-site,,2026-05-08,Negotiable,"MCA, MSC, BSC, BTECH, BCA",Experienced,False,7,7
arbeitnow_senior-software-engineer-428386,Senior Software Engineer,Cloudbedsthirdpartyboard,,Technology,https://www.arbeitnow.co.uk/jobs/companies/cloudbedsthirdpartyboard/senior-software-engineer-428386,Arbeitnow,On-site,,2026-05-08,Negotiable,"BTECH, MCA, BCA",Experienced,False,10,4
arbeitnow_product-management-director-soft-fm-estates-uk-186249,Product Management Director – Soft FM & Estates (UK),Singu,UK,Technology,https://www.arbeitnow.co.uk/jobs/companies/singu/product-management-director-soft-fm-estates-uk-186249,Arbeitnow,On-site,,2026-05-08,Negotiable,General,Experienced,False,38,6
arbeitnow_senior-sales-manager-uk-london-305430,Senior Sales Manager UK,Adsquare,London,Technology,https://www.arbeitnow.co.uk/jobs/companies/adsquare/senior-sales-manager-uk-london-305430,Arbeitnow,On-site,,2026-05-08,Negotiable,NON-TECH,Experienced,False,23,4
arbeitnow_aero-software-developer-bicester-united-kingdom-289895,Aero Software Developer,Audif1,Bicester United Kingdom,Technology,https://www.arbeitnow.co.uk/jobs/companies/audif1/aero-software-developer-bicester-united-kingdom-289895,Arbeitnow,On-site,,2026-05-08,Negotiable,"BTECH, MCA, BCA",Experienced,False,25,6
arbeitnow_remote-senior-manager-clinical-operations-363761,"Senior Manager, Clinical Operations",Precisionmedicinegroup,Remote,Technology,https://www.arbeitnow.co.uk/jobs/companies/precisionmedicinegroup/remote-senior-manager-clinical-operations-363761,Arbeitnow,Remote,,2026-05-08,Negotiable,General,Experienced,False,22,7
arbeitnow_misuse-red-team-research-engineer-research-scientist-london-177850,Misuse Red Team - Research Engineer/Research Scientist,Aisi,London,Technology,https://www.arbeitnow.co.uk/jobs/companies/aisi/misuse-red-team-research-engineer-research-scientist-london-177850,Arbeitnow,On-site,,2026-05-08,Negotiable,"BTECH, MCA, BCA",Experienced,False,5,7
arbeitnow_control-red-team-research-engineer-research-scientist-london-374709,Control Red Team - Research Engineer/Research Scientist,Aisi,London,Technology,https://www.arbeitnow.co.uk/jobs/companies/aisi/control-red-team-research-engineer-research-scientist-london-374709,Arbeitnow,On-site,,2026-05-08,Negotiable,"BTECH, MCA, BCA",Experienced,False,26,3
arbeitnow_workday-integration-specialist-london-150952,Workday Integration Specialist,Neko Health,London,Technology,https://www.arbeitnow.co.uk/jobs/companies/neko-health/workday-integration-specialist-london-150952,Arbeitnow,On-site,,2026-05-08,Negotiable,General,Experienced,False,47,4
arbeitnow_campaigns-content-specialist-london-42945,Campaigns & Content Specialist,Multiverse,London,Technology,https://www.arbeitnow.co.uk/jobs/companies/multiverse/campaigns-content-specialist-london-42945,Arbeitnow,On-site,,2026-05-08,Negotiable,General,Experienced,False,41,4
arbeitnow_remote-senior-business-development-representative-bdr-emea-111324,Senior Business Development Representative (BDR) - EMEA,Rasa,Remote - United Kingdom,Technology,https://www.arbeitnow.co.uk/jobs/companies/rasa/remote-senior-business-development-representative-bdr-emea-111324,Arbeitnow,Remote,,2026-05-08,Negotiable,General,Experienced,False,44,7
arbeitnow_engineering-manager-london-409630,Engineering Manager,Relay,London - Hybrid,Technology,https://www.arbeitnow.co.uk/jobs/companies/relay/engineering-manager-london-409630,Arbeitnow,Hybrid,,2026-05-08,Negotiable,"BTECH, MCA, BCA",Experienced,False,36,5
arbeitnow_graduate-software-engineer-london-465973,Graduate Software Engineer,Relay,London - Hybrid,Technology,https://www.arbeitnow.co.uk/jobs/companies/relay/graduate-software-engineer-london-465973,Arbeitnow,Hybrid,,2026-05-08,Negotiable,"BTECH, MCA, BCA",Fresher,False,35,4
arbeitnow_legal-engineer-privacy-compliance-edinburgh-152899,Legal Engineer (Privacy & Compliance),Wordsmith,Edinburgh,Technology,https://www.arbeitnow.co.uk/jobs/companies/wordsmith/legal-engineer-privacy-compliance-edinburgh-152899,Arbeitnow,On-site,,2026-05-08,Negotiable,"BTECH, MCA, BCA",Experienced,False,24,7
arbeitnow_vc-partnerships-business-development-manager-remote-london-185863,VC Partnerships & Business Development Manager (Remote),Pragmatike,London,Technology,https://www.arbeitnow.co.uk/jobs/companies/pragmatike/vc-partnerships-business-development-manager-remote-london-185863,Arbeitnow,On-site,,2026-05-08,Negotiable,General,Experienced,False,30,7
arbeitnow_senior-consultant-government-ai-london-59092,"Senior Consultant - Government, AI",Baringa,London,Technology,https://www.arbeitnow.co.uk/jobs/companies/baringa/senior-consultant-government-ai-london-59092,Arbeitnow,On-site,,2026-05-08,Negotiable,General,Experienced,False,46,3
arbeitnow_senior-ux-designer-star-trek-fleet-command-44617,Senior UX Designer - Star Trek Fleet Command,Scopely,,Technology,https://www.arbeitnow.co.uk/jobs/companies/scopely/senior-ux-designer-star-trek-fleet-command-44617,Arbeitnow,On-site,,2026-05-08,Negotiable,General,Experienced,False,25,4
arbeitnow_associate-director-credit-london-63609,Associate Director - Credit,Triplepointllp,London,Technology,https://www.arbeitnow.co.uk/jobs/companies/triplepointllp/associate-director-credit-london-63609,Arbeitnow,On-site,,2026-05-08,Negotiable,General,Experienced,False,42,4
arbeitnow_senior-ecommerce-manager-commercial-trading-strategy-manchester-218211,Senior Ecommerce Manager – Commercial Trading & Strategy,Thgingenuity,Manchester,Technology,https://www.arbeitnow.co.uk/jobs/companies/thgingenuity/senior-ecommerce-manager-commercial-trading-strategy-manchester-218211,Arbeitnow,On-site,,2026-05-08,Negotiable,General,Experienced,False,23,4
arbeitnow_senior-product-manager-giftcard-london-231979,Senior Product Manager (Giftcard),Atolls,"London, England, United Kingdom",Technology,https://www.arbeitnow.co.uk/jobs/companies/atolls/senior-product-manager-giftcard-london-231979,Arbeitnow,On-site,,2026-05-08,Negotiable,General,Experienced,False,44,3
arbeitnow_sr-director-salesforce-alliance-pipeline-development-london-394393,"Sr. Director, Salesforce Alliance Pipeline & Development",Bandwidth,"London, England, United Kingdom",Technology,https://www.arbeitnow.co.uk/jobs/companies/bandwidth/sr-director-salesforce-alliance-pipeline-development-london-394393,Arbeitnow,On-site,,2026-05-08,Negotiable,NON-TECH,Experienced,False,40,4
arbeitnow_senior-product-designer-london-151911,Senior Product Designer,Deepl,London,Technology,https://www.arbeitnow.co.uk/jobs/companies/deepl/senior-product-designer-london-151911,Arbeitnow,On-site,,2026-05-08,Negotiable,General,Experienced,False,38,4
arbeitnow_senior-product-manager-london-195200,Senior Product Manager,Mubi,London,Technology,https://www.arbeitnow.co.uk/jobs/companies/mubi/senior-product-manager-london-195200,Arbeitnow,On-site,,2026-05-08,Negotiable,General,Experienced,False,18,5
arbeitnow_senior-manager-solution-engineering-emea-london-uk-378808,"Senior Manager, Solution Engineering EMEA",Sanity,"London, UK",Technology,https://www.arbeitnow.co.uk/jobs/companies/sanity/senior-manager-solution-engineering-emea-london-uk-378808,Arbeitnow,On-site,,2026-05-08,Negotiable,"BTECH, MCA, BCA",Experienced,False,32,4
arbeitnow_talent-acquisition-maternity-cover-london-393578,Talent Acquisition- Maternity Cover,INDITEX,"LONDON, Greater London, United Kingdom",Technology,https://www.arbeitnow.co.uk/jobs/companies/inditex/talent-acquisition-maternity-cover-london-393578,Arbeitnow,On-site,,2026-05-08,Negotiable,General,Experienced,False,37,5
arbeitnow_data-analyst-credit-london-gb-139731,Data Analyst (Credit),Octopus Energy Group,London (GB),Technology,https://www.arbeitnow.co.uk/jobs/companies/octopus-energy-group/data-analyst-credit-london-gb-139731,Arbeitnow,On-site,,2026-05-08,Negotiable,"BTECH, MSC, BSC",Experienced,False,10,4
arbeitnow_lead-ui-designer-london-manchester-399147,Lead UI Designer,Vmlenterprisesolutions,London; Manchester,Technology,https://www.arbeitnow.co.uk/jobs/companies/vmlenterprisesolutions/lead-ui-designer-london-manchester-399147,Arbeitnow,On-site,,2026-05-08,Negotiable,General,Experienced,False,12,6
arbeitnow_strategic-account-executive-211793,Strategic Account Executive,Twilio,,Technology,https://www.arbeitnow.co.uk/jobs/companies/twilio/strategic-account-executive-211793,Arbeitnow,On-site,,2026-05-08,Negotiable,General,Experienced,False,49,3
arbeitnow_staff-principal-research-engineer-ai-safety-technical-mitigations-london-29039,"Staff / Principal Research Engineer, AI Safety, Technical Mitigations",Lilasciences,London,Technology,https://www.arbeitnow.co.uk/jobs/companies/lilasciences/staff-principal-research-engineer-ai-safety-technical-mitigations-london-29039,Arbeitnow,On-site,,2026-05-08,Negotiable,"BTECH, MCA, BCA",Experienced,False,16,4
arbeitnow_team-support-london-232724,Team Support,Supercell,London,Technology,https://www.arbeitnow.co.uk/jobs/companies/supercell/team-support-london-232724,Arbeitnow,On-site,,2026-05-08,Negotiable,General,Experienced,False,17,6
arbeitnow_senior-customer-success-manager-financial-services-london-258290,Senior Customer Success Manager - Financial Services,Trustly,London,Technology,https://www.arbeitnow.co.uk/jobs/companies/trustly/senior-customer-success-manager-financial-services-london-258290,Arbeitnow,On-site,,2026-05-08,Negotiable,General,Experienced,False,46,4
arbeitnow_assurance-manager-eu-uk-london-273454,Assurance Manager EU/UK,Trustly,London,Technology,https://www.arbeitnow.co.uk/jobs/companies/trustly/assurance-manager-eu-uk-london-273454,Arbeitnow,On-site,,2026-05-08,Negotiable,General,Experienced,False,47,6
arbeitnow_senior-analyst-mena-focus-london-337480,Senior Analyst - MENA focus,Extrac.ai,London,Technology,https://www.arbeitnow.co.uk/jobs/companies/extracai/senior-analyst-mena-focus-london-337480,Arbeitnow,On-site,,2026-05-08,Negotiable,"BTECH, MSC, BSC",Experienced,False,49,6
arbeitnow_senior-account-executive-manchester-197793,Senior Account Executive,Cytix,Manchester,Technology,https://www.arbeitnow.co.uk/jobs/companies/cytix/senior-account-executive-manchester-197793,Arbeitnow,On-site,,2026-05-08,Negotiable,General,Experienced,False,10,5
arbeitnow_developer-advocate-london-218957,Developer Advocate,Tesslcareers,London Office,Technology,https://www.arbeitnow.co.uk/jobs/companies/tesslcareers/developer-advocate-london-218957,Arbeitnow,On-site,,2026-05-08,Negotiable,"BTECH, MCA, BCA",Experienced,False,37,7
arbeitnow_financial-analyst-london-470387,Financial Analyst,Encord,London,Technology,https://www.arbeitnow.co.uk/jobs/companies/encord/financial-analyst-london-470387,Arbeitnow,On-site,,2026-05-08,Negotiable,"BTECH, MSC, BSC",Experienced,False,9,3
arbeitnow_senior-av-technician-london-66277,Senior AV Technician,Kinly,"London, England, United Kingdom",Technology,https://www.arbeitnow.co.uk/jobs/companies/kinly/senior-av-technician-london-66277,Arbeitnow,On-site,,2026-05-08,Negotiable,General,Experienced,False,23,3
arbeitnow_crm-manager-london-141121,CRM Manager,ThriveCart,London,Technology,https://www.arbeitnow.co.uk/jobs/companies/thrivecart/crm-manager-london-141121,Arbeitnow,On-site,,2026-05-08,Negotiable,General,Experienced,False,22,5
arbeitnow_senior-frontend-engineer-london-291782,Senior Frontend Engineer (m/f/d),Quantum-Systems GmbH,"London, Greater London, United Kingdom",Technology,https://www.arbeitnow.co.uk/jobs/companies/quantum-systems-gmbh/senior-frontend-engineer-london-291782,Arbeitnow,On-site,,2026-05-08,Negotiable,"BTECH, MCA, BCA",Experienced,False,48,3
arbeitnow_product-manager-payments-london-331375,Product Manager - Payments,ThriveCart,London,Technology,https://www.arbeitnow.co.uk/jobs/companies/thrivecart/product-manager-payments-london-331375,Arbeitnow,Remote,,2026-05-08,Negotiable,General,Experienced,False,38,7
arbeitnow_software-engineer-london-322848,Software Engineer,ThriveCart,London,Technology,https://www.arbeitnow.co.uk/jobs/companies/thrivecart/software-engineer-london-322848,Arbeitnow,Remote,,2026-05-08,Negotiable,"BTECH, MCA, BCA",Experienced,False,46,7
arbeitnow_cybersecurity-analyst-london-249291,Cybersecurity Analyst,Janestreet,London,Technology,https://www.arbeitnow.co.uk/jobs/companies/janestreet/cybersecurity-analyst-london-249291,Arbeitnow,On-site,,2026-05-08,Negotiable,"BTECH, MSC, BSC",Experienced,False,49,5
arbeitnow_senior-data-scientist-cardiff-219726,Senior Data Scientist,Monzoreferrals,Cardiff,Technology,https://www.arbeitnow.co.uk/jobs/companies/monzoreferrals/senior-data-scientist-cardiff-219726,Arbeitnow,On-site,,2026-05-08,Negotiable,"BTECH, MSC, BSC",Experienced,False,35,4
arbeitnow_uk-london-ads-test-engineer-london-greater-london-40082,UK - London - ADS - Test Engineer,Jobposts,"London, Greater London",Technology,https://www.arbeitnow.co.uk/jobs/companies/jobposts/uk-london-ads-test-engineer-london-greater-london-40082,Arbeitnow,On-site,,2026-05-08,Negotiable,"BTECH, MCA, BCA",Experienced,False,5,4
arbeitnow_uk-london-ads-senior-developer-london-greater-london-453269,UK - London - ADS - Senior Developer,Jobposts,"London, Greater London",Technology,https://www.arbeitnow.co.uk/jobs/companies/jobposts/uk-london-ads-senior-developer-london-greater-london-453269,Arbeitnow,On-site,,2026-05-08,Negotiable,"BTECH, MCA, BCA",Experienced,False,19,5
arbeitnow_uk-london-ads-senior-cloud-engineer-london-greater-london-204053,UK - London - ADS - Senior Cloud Engineer,Jobposts,"London, Greater London",Technology,https://www.arbeitnow.co.uk/jobs/companies/jobposts/uk-london-ads-senior-cloud-engineer-london-greater-london-204053,Arbeitnow,On-site,,2026-05-08,Negotiable,"BTECH, MCA, BCA",Experienced,False,21,4
arbeitnow_uk-london-ads-full-stack-developer-london-greater-london-424247,UK - London - ADS - Full Stack Developer,Jobposts,"London, Greater London",Technology,https://www.arbeitnow.co.uk/jobs/companies/jobposts/uk-london-ads-full-stack-developer-london-greater-london-424247,Arbeitnow,On-site,,2026-05-08,Negotiable,"BTECH, MCA, BCA",Experienced,False,21,7
arbeitnow_uk-london-ads-cloud-dba-solution-architect-powerbi-london-greater-london-272654,"UK - London - ADS - Cloud DBA & Solution Architect, PowerBI",Jobposts,"London, Greater London",Technology,https://www.arbeitnow.co.uk/jobs/companies/jobposts/uk-london-ads-cloud-dba-solution-architect-powerbi-london-greater-london-272654,Arbeitnow,On-site,,2026-05-08,Negotiable,General,Experienced,False,27,4
arbeitnow_uk-london-ads-azure-devops-engineer-london-greater-london-333630,UK - London - ADS - Azure DevOps Engineer,Jobposts,"London, Greater London",Technology,https://www.arbeitnow.co.uk/jobs/companies/jobposts/uk-london-ads-azure-devops-engineer-london-greater-london-333630,Arbeitnow,On-site,,2026-05-08,Negotiable,"BTECH, MCA, BCA",Experienced,False,20,5
arbeitnow_data-lead-advisory-334385,Data Lead (Advisory),Alphafmcroles,,Technology,https://www.arbeitnow.co.uk/jobs/companies/alphafmcroles/data-lead-advisory-334385,Arbeitnow,On-site,,2026-05-08,Negotiable,"BTECH, MSC, BSC",Experienced,False,19,4
arbeitnow_claims-validation-handler-london-314971,Claims Validation Handler,Marshmallow,London,Technology,https://www.arbeitnow.co.uk/jobs/companies/marshmallow/claims-validation-handler-london-314971,Arbeitnow,On-site,,2026-05-08,Negotiable,General,Experienced,False,33,4
arbeitnow_data-platform-engineer-i-london-162452,Data Platform Engineer I,Kraken,"London, UK",Technology,https://www.arbeitnow.co.uk/jobs/companies/kraken/data-platform-engineer-i-london-162452,Arbeitnow,On-site,,2026-05-08,Negotiable,"MCA, MSC, BSC, BTECH, BCA",Experienced,False,17,4
arbeitnow_enterprise-account-executive-london-united-kingdom-198229,Enterprise Account Executive,Elliptic,"London, United Kingdom",Technology,https://www.arbeitnow.co.uk/jobs/companies/elliptic/enterprise-account-executive-london-united-kingdom-198229,Arbeitnow,On-site,,2026-05-08,Negotiable,General,Experienced,False,49,5
arbeitnow_implementation-specialist-london-427736,Implementation Specialist,Metaview,London,Technology,https://www.arbeitnow.co.uk/jobs/companies/metaview/implementation-specialist-london-427736,Arbeitnow,On-site,,2026-05-08,Negotiable,General,Experienced,False,46,6
arbeitnow_proposition-manager-london-13490,Proposition Manager,Goodlord,London,Technology,https://www.arbeitnow.co.uk/jobs/companies/goodlord/proposition-manager-london-13490,Arbeitnow,On-site,,2026-05-08,Negotiable,General,Experienced,False,42,3
arbeitnow_account-executive-financial-services-london-126485,Account Executive - Financial Services,TransPerfect,"London, Greater London, United Kingdom",Technology,https://www.arbeitnow.co.uk/jobs/companies/transperfect/account-executive-financial-services-london-126485,Arbeitnow,On-site,,2026-05-08,Negotiable,General,Experienced,False,27,4
arbeitnow_senior-data-engineer-real-time-analytics-london-office-228011,Senior Data Engineer - Real time analytics,Aircall,London Office,Technology,https://www.arbeitnow.co.uk/jobs/companies/aircall/senior-data-engineer-real-time-analytics-london-office-228011,Arbeitnow,On-site,,2026-05-08,Negotiable,"MCA, MSC, BSC, BTECH, BCA",Experienced,False,40,3
arbeitnow_managing-director-north-uki-london-office-475450,Managing Director North / UKI,Aircall,London Office,Technology,https://www.arbeitnow.co.uk/jobs/companies/aircall/managing-director-north-uki-london-office-475450,Arbeitnow,On-site,,2026-05-08,Negotiable,General,Experienced,False,41,4
arbeitnow_talent-acquisition-manager-gtm-london-145756,Talent Acquisition Manager GTM - London,Pigment,London,Technology,https://www.arbeitnow.co.uk/jobs/companies/pigment/talent-acquisition-manager-gtm-london-145756,Arbeitnow,On-site,,2026-05-08,Negotiable,General,Experienced,False,31,6
arbeitnow_ecommerce-acceleration-manager-london-81283,ECommerce Acceleration Manager,Luzern eCommerce Group,London,Technology,https://www.arbeitnow.co.uk/jobs/companies/luzern-ecommerce-group/ecommerce-acceleration-manager-london-81283,Arbeitnow,On-site,,2026-05-08,Negotiable,General,Experienced,False,45,4
arbeitnow_senior-solutions-engineer-london-248265,Senior Solutions Engineer,sumologic,London,Technology,https://www.arbeitnow.co.uk/jobs/companies/sumologic/senior-solutions-engineer-london-248265,Arbeitnow,On-site,,2026-05-08,Negotiable,"BTECH, MCA, BCA",Experienced,False,30,7
arbeitnow_senior-solutions-engineer-emea-united-kingdom-390819,Senior Solutions Engineer (EMEA),Coder,United Kingdom,Technology,https://www.arbeitnow.co.uk/jobs/companies/coder/senior-solutions-engineer-emea-united-kingdom-390819,Arbeitnow,On-site,,2026-05-08,Negotiable,"BTECH, MCA, BCA",Experienced,False,12,6
arbeitnow_commercial-contracts-senior-lead-moorgate-132265,Commercial Contracts Senior Lead,Checkatrade,Moorgate London,Technology,https://www.arbeitnow.co.uk/jobs/companies/checkatrade/commercial-contracts-senior-lead-moorgate-132265,Arbeitnow,On-site,,2026-05-08,Negotiable,General,Experienced,False,46,5
arbeitnow_ai-product-owner-leeds-148802,AI Product Owner - Leeds,Legal 500,Leeds,Technology,https://www.arbeitnow.co.uk/jobs/companies/legal-500/ai-product-owner-leeds-148802,Arbeitnow,On-site,,2026-05-08,Negotiable,General,Experienced,False,8,4
arbeitnow_account-executive-inbound-sales-london-3499,"Account Executive, Inbound Sales",Absorblms,Remote UK,Technology,https://www.arbeitnow.co.uk/jobs/companies/absorblms/account-executive-inbound-sales-london-3499,Arbeitnow,Remote,,2026-05-08,Negotiable,NON-TECH,Experienced,False,43,5
arbeitnow_digital-marketing-specialist-london-499887,Digital Marketing Specialist,ThriveCart,London,Technology,https://www.arbeitnow.co.uk/jobs/companies/thrivecart/digital-marketing-specialist-london-499887,Arbeitnow,On-site,,2026-05-08,Negotiable,NON-TECH,Experienced,False,27,7
arbeitnow_senior-construction-project-manager-london-17687,Senior Construction Project Manager,Elgin Energy,London,Technology,https://www.arbeitnow.co.uk/jobs/companies/elgin-energy/senior-construction-project-manager-london-17687,Arbeitnow,On-site,,2026-05-08,Negotiable,General,Experienced,False,19,7
arbeitnow_agentic-ai-architect-anthropic-uk-145753,Agentic AI Architect-Anthropic,Jobgether,UK,Technology,https://www.arbeitnow.co.uk/jobs/companies/jobgether/agentic-ai-architect-anthropic-uk-145753,Arbeitnow,On-site,,2026-05-08,Negotiable,NON-TECH,Experienced,False,9,3
arbeitnow_product-manager-crypto-asset-management-london-hybrid-386040,"Product Manager, Crypto Asset Management",MoonPay,London - Hybrid,Technology,https://www.arbeitnow.co.uk/jobs/companies/moonpay/product-manager-crypto-asset-management-london-hybrid-386040,Arbeitnow,Hybrid,,2026-05-08,Negotiable,General,Experienced,False,5,3
arbeitnow_senior-software-engineer-full-stack-london-247377,"Senior Software Engineer, Full-Stack",Ripple,London,Technology,https://www.arbeitnow.co.uk/jobs/companies/ripple/senior-software-engineer-full-stack-london-247377,Arbeitnow,On-site,,2026-05-08,Negotiable,"BTECH, MCA, BCA",Experienced,False,10,5
arbeitnow_senior-payroll-specialist-international-emea-apac-london-296554,Senior Payroll Specialist– International (EMEA & APAC),Coreweaveu,London,Technology,https://www.arbeitnow.co.uk/jobs/companies/coreweaveu/senior-payroll-specialist-international-emea-apac-london-296554,Arbeitnow,On-site,,2026-05-08,Negotiable,General,Fresher,False,11,7
arbeitnow_senior-software-engineer-embedded-ui-cambridge-86642,"Senior Software Engineer, Embedded UI",Roku,Cambridge,Technology,https://www.arbeitnow.co.uk/jobs/companies/roku/senior-software-engineer-embedded-ui-cambridge-86642,Arbeitnow,On-site,,2026-05-08,Negotiable,"BTECH, MCA, BCA",Experienced,False,31,6
arbeitnow_software-engineering-intern-summer-2026-sydney-australia-429564,Software Engineering Intern - Summer 2026,Andurilindustries,"Sydney, Australia",Technology,https://www.arbeitnow.co.uk/jobs/companies/andurilindustries/software-engineering-intern-summer-2026-sydney-australia-429564,Arbeitnow,On-site,,2026-05-08,Negotiable,"BTECH, MCA, BCA",Fresher,False,37,6
arbeitnow_senior-mechanical-engineer-sydney-australia-83592,Senior Mechanical Engineer,Andurilindustries,"Sydney, Australia",Technology,https://www.arbeitnow.co.uk/jobs/companies/andurilindustries/senior-mechanical-engineer-sydney-australia-83592,Arbeitnow,On-site,,2026-05-08,Negotiable,"BTECH, MCA, BCA",Experienced,False,29,3
real_mock_0,Software Engineer,Capgemini,"Andhra Pradesh, India",Corporate,https://www.linkedin.com/jobs/search/?keywords=Software%20Engineer&location=Andhra%20Pradesh,LinkedIn,On-site,1.0,,,"BTECH, MCA, BCA",Experienced,True,61,15
real_mock_1,Data Analyst,Cognizant,"Assam, India",Technology,https://www.naukri.com/data-analyst-jobs-in-assam,Naukri,On-site,1.0,,,"BTECH, MSC, BSC",Experienced,True,119,17
real_mock_2,Consultant,Deloitte,"Bihar, India",Technology,https://unstop.com/jobs?query=Consultant,Unstop,On-site,1.0,,,General,Experienced,True,158,10
real_mock_3,Accountant,Goldman Sachs,"Chhattisgarh, India",Corporate,https://www.linkedin.com/jobs,Direct MNC,On-site,1.0,,,General,Experienced,True,63,16
real_mock_4,BCA Intern,KPMG,"Delhi, India",Technology,https://www.linkedin.com/jobs/search/?keywords=BCA%20Intern&location=Delhi,LinkedIn,On-site,1.0,,,BCA,Fresher,True,124,24
real_mock_5,MCA Trainee,PwC,"Goa, India",Technology,https://www.naukri.com/mca-trainee-jobs-in-goa,Naukri,On-site,1.0,,,MCA,Fresher,True,74,20
real_mock_6,B.Tech Graduate,Accenture,"Gujarat, India",Corporate,https://unstop.com/jobs?query=B.Tech+Graduate,Unstop,On-site,1.0,,,BTECH,Fresher,True,167,19
real_mock_7,HR Manager,Oracle,"Haryana, India",Technology,https://www.linkedin.com/jobs,Direct MNC,On-site,1.0,,,NON-TECH,Experienced,True,120,9
real_mock_8,Product Manager,HDFC Bank,"Himachal Pradesh, India",Technology,https://www.linkedin.com/jobs/search/?keywords=Product%20Manager&location=Himachal%20Pradesh,LinkedIn,On-site,1.0,,,General,Experienced,False,26,3
real_mock_9,DevOps Engineer,Coal India,"Jharkhand, India",Corporate,https://www.naukri.com/devops-engineer-jobs-in-jharkhand,Naukri,On-site,1.0,,,"BTECH, MCA, BCA",Experienced,False,35,4
real_mock_10,Software Engineer,TCS,"Karnataka, India",Technology,https://unstop.com/jobs?query=Software+Engineer,Unstop,On-site,1.0,,,"BTECH, MCA, BCA",Experienced,False,36,7
real_mock_11,Data Analyst,Infosys,"Kerala, India",Technology,https://www.linkedin.com/jobs,Direct MNC,On-site,1.0,,,"BTECH, MSC, BSC",Experienced,False,18,6
real_mock_12,Consultant,Wipro,"Madhya Pradesh, India",Corporate,https://www.linkedin.com/jobs/search/?keywords=Consultant&location=Madhya%20Pradesh,LinkedIn,On-site,1.0,,,General,Experienced,False,46,4
real_mock_13,Accountant,Reliance,"Maharashtra, India",Technology,https://www.naukri.com/accountant-jobs-in-maharashtra,Naukri,On-site,1.0,,,General,Experienced,False,42,7
real_mock_14,BCA Intern,L&T Technology Services,"Meghalaya, India",Technology,https://unstop.com/jobs?query=BCA+Intern,Unstop,On-site,1.0,,,BCA,Fresher,False,15,3
real_mock_15,MCA Trainee,Tech Mahindra,"Odisha, India",Corporate,https://www.linkedin.com/jobs,Direct MNC,On-site,1.0,,,MCA,Fresher,False,46,4
real_mock_16,B.Tech Graduate,IBM,"Punjab, India",Technology,https://www.linkedin.com/jobs/search/?keywords=B.Tech%20Graduate&location=Punjab,LinkedIn,On-site,1.0,,,BTECH,Fresher,False,37,5
real_mock_17,HR Manager,Teleperformance,"Rajasthan, India",Technology,https://www.naukri.com/hr-manager-jobs-in-rajasthan,Naukri,On-site,1.0,,,NON-TECH,Experienced,False,16,3
real_mock_18,Product Manager,Kochar Infotech,"Sikkim, India",Corporate,https://unstop.com/jobs?query=Product+Manager,Unstop,On-site,1.0,,,General,Experienced,False,29,3
real_mock_19,DevOps Engineer,Aegis,"Tamil Nadu, India",Technology,https://www.linkedin.com/jobs,Direct MNC,On-site,1.0,,,"BTECH, MCA, BCA",Experienced,False,15,3
real_mock_20,Software Engineer,Aye Finance,"Telangana, India",Technology,https://www.linkedin.com/jobs/search/?keywords=Software%20Engineer&location=Telangana,LinkedIn,On-site,1.0,,,"BTECH, MCA, BCA",Experienced,False,46,4
real_mock_21,Data Analyst,JP Morgan,"Uttar Pradesh, India",Corporate,https://www.naukri.com/data-analyst-jobs-in-uttar-pradesh,Naukri,On-site,1.0,,,"BTECH, MSC, BSC",Experienced,False,43,6
real_mock_22,Consultant,Nestle,"Uttarakhand, India",Technology,https://unstop.com/jobs?query=Consultant,Unstop,On-site,1.0,,,General,Experienced,False,15,6
real_mock_23,Accountant,Swiggy,"West Bengal, India",Technology,https://www.linkedin.com/jobs,Direct MNC,On-site,1.0,,,General,Experienced,False,22,5
real_mock_24,BCA Intern,Flipkart,"Tripura, India",Corporate,https://www.linkedin.com/jobs/search/?keywords=BCA%20Intern&location=Tripura,LinkedIn,On-site,1.0,,,BCA,Fresher,False,22,7
real_mock_25,MCA Trainee,Capgemini,"Mumbai (Bombay), India",Technology,https://www.naukri.com/mca-trainee-jobs-in-mumbai-(bombay),Naukri,On-site,1.0,,,MCA,Fresher,True,128,10
real_mock_26,B.Tech Graduate,Cognizant,"Navi Mumbai, India",Technology,https://unstop.com/jobs?query=B.Tech+Graduate,Unstop,On-site,1.0,,,BTECH,Fresher,True,192,13
real_mock_27,HR Manager,Deloitte,"Noida, India",Corporate,https://www.linkedin.com/jobs,Direct MNC,On-site,1.0,,,NON-TECH,Experienced,True,137,6
real_mock_28,Product Manager,Goldman Sachs,"Gurgaon, India",Technology,https://www.linkedin.com/jobs/search/?keywords=Product%20Manager&location=Gurgaon,LinkedIn,On-site,1.0,,,General,Experienced,True,177,19
real_mock_29,DevOps Engineer,KPMG,"Gurugram, India",Technology,https://www.naukri.com/devops-engineer-jobs-in-gurugram,Naukri,On-site,1.0,,,"BTECH, MCA, BCA",Experienced,True,143,8
real_mock_30,Software Engineer,PwC,"Bangalore, India",Corporate,https://unstop.com/jobs?query=Software+Engineer,Unstop,On-site,1.0,,,"BTECH, MCA, BCA",Experienced,True,197,10
real_mock_31,Data Analyst,Accenture,"Chennai, India",Technology,https://www.linkedin.com/jobs,Direct MNC,On-site,1.0,,,"BTECH, MSC, BSC",Experienced,True,126,14
real_mock_32,Consultant,Oracle,"Jalpaiguri, India",Technology,https://www.linkedin.com/jobs/search/?keywords=Consultant&location=Jalpaiguri,LinkedIn,On-site,1.0,,,General,Experienced,True,162,18
real_mock_33,Accountant,HDFC Bank,"Pune, India",Corporate,https://www.naukri.com/accountant-jobs-in-pune,Naukri,On-site,1.0,,,General,Experienced,False,39,7
real_mock_34,BCA Intern,Coal India,"Hyderabad, India",Technology,https://unstop.com/jobs?query=BCA+Intern,Unstop,On-site,1.0,,,BCA,Fresher,False,17,4
real_mock_35,MCA Trainee,TCS,"Andhra Pradesh, India",Technology,https://www.linkedin.com/jobs,Direct MNC,On-site,1.0,,,MCA,Fresher,False,17,6
real_mock_36,B.Tech Graduate,Infosys,"Assam, India",Corporate,https://www.linkedin.com/jobs/search/?keywords=B.Tech%20Graduate&location=Assam,LinkedIn,On-site,1.0,,,BTECH,Fresher,False,29,4
real_mock_37,HR Manager,Wipro,"Bihar, India",Technology,https://www.naukri.com/hr-manager-jobs-in-bihar,Naukri,On-site,1.0,,,NON-TECH,Experienced,False,48,5
real_mock_38,Product Manager,Reliance,"Chhattisgarh, India",Technology,https://unstop.com/jobs?query=Product+Manager,Unstop,On-site,1.0,,,General,Experienced,False,16,6
real_mock_39,DevOps Engineer,L&T Technology Services,"Delhi, India",Corporate,https://www.linkedin.com/jobs,Direct MNC,On-site,1.0,,,"BTECH, MCA, BCA",Experienced,False,9,5
real_mock_40,Software Engineer,Tech Mahindra,"Goa, India",Technology,https://www.linkedin.com/jobs/search/?keywords=Software%20Engineer&location=Goa,LinkedIn,On-site,1.0,,,"BTECH, MCA, BCA",Experienced,False,15,3
real_mock_41,Data Analyst,IBM,"Gujarat, India",Technology,https://www.naukri.com/data-analyst-jobs-in-gujarat,Naukri,On-site,1.0,,,"BTECH, MSC, BSC",Experienced,False,25,5
real_mock_42,Consultant,Teleperformance,"Haryana, India",Corporate,https://unstop.com/jobs?query=Consultant,Unstop,On-site,1.0,,,General,Experienced,False,30,3
real_mock_43,Accountant,Kochar Infotech,"Himachal Pradesh, India",Technology,https://www.linkedin.com/jobs,Direct MNC,On-site,1.0,,,General,Experienced,False,19,6
real_mock_44,BCA Intern,Aegis,"Jharkhand, India",Technology,https://www.linkedin.com/jobs/search/?keywords=BCA%20Intern&location=Jharkhand,LinkedIn,On-site,1.0,,,BCA,Fresher,False,19,7
real_mock_45,MCA Trainee,Aye Finance,"Karnataka, India",Corporate,https://www.naukri.com/mca-trainee-jobs-in-karnataka,Naukri,On-site,1.0,,,MCA,Fresher,False,49,7
real_mock_46,B.Tech Graduate,JP Morgan,"Kerala, India",Technology,https://unstop.com/jobs?query=B.Tech+Graduate,Unstop,On-site,1.0,,,BTECH,Fresher,False,8,5
real_mock_47,HR Manager,Nestle,"Madhya Pradesh, India",Technology,https://www.linkedin.com/jobs,Direct MNC,On-site,1.0,,,NON-TECH,Experienced,False,32,5
real_mock_48,Product Manager,Swiggy,"Maharashtra, India",Corporate,https://www.linkedin.com/jobs/search/?keywords=Product%20Manager&location=Maharashtra,LinkedIn,On-site,1.0,,,General,Experienced,False,18,5
real_mock_49,DevOps Engineer,Flipkart,"Meghalaya, India",Technology,https://www.naukri.com/devops-engineer-jobs-in-meghalaya,Naukri,On-site,1.0,,,"BTECH, MCA, BCA",Experienced,False,49,6
real_mock_50,Software Engineer,Capgemini,"Odisha, India",Technology,https://unstop.com/jobs?query=Software+Engineer,Unstop,On-site,1.0,,,"BTECH, MCA, BCA",Experienced,True,158,24
real_mock_51,Data Analyst,Cognizant,"Punjab, India",Corporate,https://www.linkedin.com/jobs,Direct MNC,On-site,1.0,,,"BTECH, MSC, BSC",Experienced,True,55,16
real_mock_52,Consultant,Deloitte,"Rajasthan, India",Technology,https://www.linkedin.com/jobs/search/?keywords=Consultant&location=Rajasthan,LinkedIn,On-site,1.0,,,General,Experienced,True,63,16
real_mock_53,Accountant,Goldman Sachs,"Sikkim, India",Technology,https://www.naukri.com/accountant-jobs-in-sikkim,Naukri,On-site,1.0,,,General,Experienced,True,82,19
real_mock_54,BCA Intern,KPMG,"Tamil Nadu, India",Corporate,https://unstop.com/jobs?query=BCA+Intern,Unstop,On-site,1.0,,,BCA,Fresher,True,189,21
real_mock_55,MCA Trainee,PwC,"Telangana, India",Technology,https://www.linkedin.com/jobs,Direct MNC,On-site,1.0,,,MCA,Fresher,True,95,21
real_mock_56,B.Tech Graduate,Accenture,"Uttar Pradesh, India",Technology,https://www.linkedin.com/jobs/search/?keywords=B.Tech%20Graduate&location=Uttar%20Pradesh,LinkedIn,On-site,1.0,,,BTECH,Fresher,True,161,22
real_mock_57,HR Manager,Oracle,"Uttarakhand, India",Corporate,https://www.naukri.com/hr-manager-jobs-in-uttarakhand,Naukri,On-site,1.0,,,NON-TECH,Experienced,True,112,16
real_mock_58,Product Manager,HDFC Bank,"West Bengal, India",Technology,https://unstop.com/jobs?query=Product+Manager,Unstop,On-site,1.0,,,General,Experienced,False,46,4
real_mock_59,DevOps Engineer,Coal India,"Tripura, India",Technology,https://www.linkedin.com/jobs,Direct MNC,On-site,1.0,,,"BTECH, MCA, BCA",Experienced,False,31,3
real_mock_60,Software Engineer,TCS,"Mumbai (Bombay), India",Corporate,https://www.linkedin.com/jobs/search/?keywords=Software%20Engineer&location=Mumbai%20(Bombay),LinkedIn,On-site,1.0,,,"BTECH, MCA, BCA",Experienced,False,27,7
real_mock_61,Data Analyst,Infosys,"Navi Mumbai, India",Technology,https://www.naukri.com/data-analyst-jobs-in-navi-mumbai,Naukri,On-site,1.0,,,"BTECH, MSC, BSC",Experienced,False,35,3
real_mock_62,Consultant,Wipro,"Noida, India",Technology,https://unstop.com/jobs?query=Consultant,Unstop,On-site,1.0,,,General,Experienced,False,12,3
real_mock_63,Accountant,Reliance,"Gurgaon, India",Corporate,https://www.linkedin.com/jobs,Direct MNC,On-site,1.0,,,General,Experienced,False,6,6
real_mock_64,BCA Intern,L&T Technology Services,"Gurugram, India",Technology,https://www.linkedin.com/jobs/search/?keywords=BCA%20Intern&location=Gurugram,LinkedIn,On-site,1.0,,,BCA,Fresher,False,33,7
real_mock_65,MCA Trainee,Tech Mahindra,"Bangalore, India",Technology,https://www.naukri.com/mca-trainee-jobs-in-bangalore,Naukri,On-site,1.0,,,MCA,Fresher,False,22,4
real_mock_66,B.Tech Graduate,IBM,"Chennai, India",Corporate,https://unstop.com/jobs?query=B.Tech+Graduate,Unstop,On-site,1.0,,,BTECH,Fresher,False,31,3
real_mock_67,HR Manager,Teleperformance,"Jalpaiguri, India",Technology,https://www.linkedin.com/jobs,Direct MNC,On-site,1.0,,,NON-TECH,Experienced,False,32,7
real_mock_68,Product Manager,Kochar Infotech,"Pune, India",Technology,https://www.linkedin.com/jobs/search/?keywords=Product%20Manager&location=Pune,LinkedIn,On-site,1.0,,,General,Experienced,False,27,4
real_mock_69,DevOps Engineer,Aegis,"Hyderabad, India",Corporate,https://www.naukri.com/devops-engineer-jobs-in-hyderabad,Naukri,On-site,1.0,,,"BTECH, MCA, BCA",Experienced,False,13,6
real_mock_70,Software Engineer,Aye Finance,"Andhra Pradesh, India",Technology,https://unstop.com/jobs?query=Software+Engineer,Unstop,On-site,1.0,,,"BTECH, MCA, BCA",Experienced,False,41,7
real_mock_71,Data Analyst,JP Morgan,"Assam, India",Technology,https://www.linkedin.com/jobs,Direct MNC,On-site,1.0,,,"BTECH, MSC, BSC",Experienced,False,33,6
real_mock_72,Consultant,Nestle,"Bihar, India",Corporate,https://www.linkedin.com/jobs/search/?keywords=Consultant&location=Bihar,LinkedIn,On-site,1.0,,,General,Experienced,False,25,6
real_mock_73,Accountant,Swiggy,"Chhattisgarh, India",Technology,https://www.naukri.com/accountant-jobs-in-chhattisgarh,Naukri,On-site,1.0,,,General,Experienced,False,20,4
real_mock_74,BCA Intern,Flipkart,"Delhi, India",Technology,https://unstop.com/jobs?query=BCA+Intern,Unstop,On-site,1.0,,,BCA,Fresher,False,49,3
real_mock_75,MCA Trainee,Capgemini,"Goa, India",Corporate,https://www.linkedin.com/jobs,Direct MNC,On-site,1.0,,,MCA,Fresher,True,110,10
real_mock_76,B.Tech Graduate,Cognizant,"Gujarat, India",Technology,https://www.linkedin.com/jobs/search/?keywords=B.Tech%20Graduate&location=Gujarat,LinkedIn,On-site,1.0,,,BTECH,Fresher,True,147,8
real_mock_77,HR Manager,Deloitte,"Haryana, India",Technology,https://www.naukri.com/hr-manager-jobs-in-haryana,Naukri,On-site,1.0,,,NON-TECH,Experienced,True,124,18
real_mock_78,Product Manager,Goldman Sachs,"Himachal Pradesh, India",Corporate,https://unstop.com/jobs?query=Product+Manager,Unstop,On-site,1.0,,,General,Experienced,True,143,8
real_mock_79,DevOps Engineer,KPMG,"Jharkhand, India",Technology,https://www.linkedin.com/jobs,Direct MNC,On-site,1.0,,,"BTECH, MCA, BCA",Experienced,True,192,6
real_mock_80,Software Engineer,PwC,"Karnataka, India",Technology,https://www.linkedin.com/jobs/search/?keywords=Software%20Engineer&location=Karnataka,LinkedIn,On-site,1.0,,,"BTECH, MCA, BCA",Experienced,True,153,9
real_mock_81,Data Analyst,Accenture,"Kerala, India",Corporate,https://www.naukri.com/data-analyst-jobs-in-kerala,Naukri,On-site,1.0,,,"BTECH, MSC, BSC",Experienced,True,83,7
real_mock_82,Consultant,Oracle,"Madhya Pradesh, India",Technology,https://unstop.com/jobs?query=Consultant,Unstop,On-site,1.0,,,General,Experienced,True,169,8
real_mock_83,Accountant,HDFC Bank,"Maharashtra, India",Technology,https://www.linkedin.com/jobs,Direct MNC,On-site,1.0,,,General,Experienced,False,21,6
real_mock_84,BCA Intern,Coal India,"Meghalaya, India",Corporate,https://www.linkedin.com/jobs/search/?keywords=BCA%20Intern&location=Meghalaya,LinkedIn,On-site,1.0,,,BCA,Fresher,False,32,4
real_mock_85,MCA Trainee,TCS,"Odisha, India",Technology,https://www.naukri.com/mca-trainee-jobs-in-odisha,Naukri,On-site,1.0,,,MCA,Fresher,False,44,7
real_mock_86,B.Tech Graduate,Infosys,"Punjab, India",Technology,https://unstop.com/jobs?query=B.Tech+Graduate,Unstop,On-site,1.0,,,BTECH,Fresher,False,24,4
real_mock_87,HR Manager,Wipro,"Rajasthan, India",Corporate,https://www.linkedin.com/jobs,Direct MNC,On-site,1.0,,,NON-TECH,Experienced,False,32,4
real_mock_88,Product Manager,Reliance,"Sikkim, India",Technology,https://www.linkedin.com/jobs/search/?keywords=Product%20Manager&location=Sikkim,LinkedIn,On-site,1.0,,,General,Experienced,False,25,5
real_mock_89,DevOps Engineer,L&T Technology Services,"Tamil Nadu, India",Technology,https://www.naukri.com/devops-engineer-jobs-in-tamil-nadu,Naukri,On-site,1.0,,,"BTECH, MCA, BCA",Experienced,False,38,4
real_mock_90,Software Engineer,Tech Mahindra,"Telangana, India",Corporate,https://unstop.com/jobs?query=Software+Engineer,Unstop,On-site,1.0,,,"BTECH, MCA, BCA",Experienced,False,14,4
real_mock_91,Data Analyst,IBM,"Uttar Pradesh, India",Technology,https://www.linkedin.com/jobs,Direct MNC,On-site,1.0,,,"BTECH, MSC, BSC",Experienced,False,36,5
real_mock_92,Consultant,Teleperformance,"Uttarakhand, India",Technology,https://www.linkedin.com/jobs/search/?keywords=Consultant&location=Uttarakhand,LinkedIn,On-site,1.0,,,General,Experienced,False,46,6
real_mock_93,Accountant,Kochar Infotech,"West Bengal, India",Corporate,https://www.naukri.com/accountant-jobs-in-west-bengal,Naukri,On-site,1.0,,,General,Experienced,False,15,5
real_mock_94,BCA Intern,Aegis,"Tripura, India",Technology,https://unstop.com/jobs?query=BCA+Intern,Unstop,On-site,1.0,,,BCA,Fresher,False,40,6
real_mock_95,MCA Trainee,Aye Finance,"Mumbai (Bombay), India",Technology,https://www.linkedin.com/jobs,Direct MNC,On-site,1.0,,,MCA,Fresher,False,22,5
real_mock_96,B.Tech Graduate,JP Morgan,"Navi Mumbai, India",Corporate,https://www.linkedin.com/jobs/search/?keywords=B.Tech%20Graduate&location=Navi%20Mumbai,LinkedIn,On-site,1.0,,,BTECH,Fresher,False,46,4
real_mock_97,HR Manager,Nestle,"Noida, India",Technology,https://www.naukri.com/hr-manager-jobs-in-noida,Naukri,On-site,1.0,,,NON-TECH,Experienced,False,23,4
real_mock_98,Product Manager,Swiggy,"Gurgaon, India",Technology,https://unstop.com/jobs?query=Product+Manager,Unstop,On-site,1.0,,,General,Experienced,False,30,6
real_mock_99,DevOps Engineer,Flipkart,"Gurugram, India",Corporate,https://www.linkedin.com/jobs,Direct MNC,On-site,1.0,,,"BTECH, MCA, BCA",Experienced,False,21,4
real_mock_100,Software Engineer,Capgemini,"Bangalore, India",Technology,https://www.linkedin.com/jobs/search/?keywords=Software%20Engineer&location=Bangalore,LinkedIn,On-site,1.0,,,"BTECH, MCA, BCA",Experienced,True,95,7
real_mock_101,Data Analyst,Cognizant,"Chennai, India",Technology,https://www.naukri.com/data-analyst-jobs-in-chennai,Naukri,On-site,1.0,,,"BTECH, MSC, BSC",Experienced,True,121,7
real_mock_102,Consultant,Deloitte,"Jalpaiguri, India",Corporate,https://unstop.com/jobs?query=Consultant,Unstop,On-site,1.0,,,General,Experienced,True,115,22
real_mock_103,Accountant,Goldman Sachs,"Pune, India",Technology,https://www.linkedin.com/jobs,Direct MNC,On-site,1.0,,,General,Experienced,True,99,7
real_mock_104,BCA Intern,KPMG,"Hyderabad, India",Technology,https://www.linkedin.com/jobs/search/?keywords=BCA%20Intern&location=Hyderabad,LinkedIn,On-site,1.0,,,BCA,Fresher,True,74,22
real_mock_105,MCA Trainee,PwC,"Andhra Pradesh, India",Corporate,https://www.naukri.com/mca-trainee-jobs-in-andhra-pradesh,Naukri,On-site,1.0,,,MCA,Fresher,True,59,12
real_mock_106,B.Tech Graduate,Accenture,"Assam, India",Technology,https://unstop.com/jobs?query=B.Tech+Graduate,Unstop,On-site,1.0,,,BTECH,Fresher,True,70,23
real_mock_107,HR Manager,Oracle,"Bihar, India",Technology,https://www.linkedin.com/jobs,Direct MNC,On-site,1.0,,,NON-TECH,Experienced,True,128,23
real_mock_108,Product Manager,HDFC Bank,"Chhattisgarh, India",Corporate,https://www.linkedin.com/jobs/search/?keywords=Product%20Manager&location=Chhattisgarh,LinkedIn,On-site,1.0,,,General,Experienced,False,39,3
real_mock_109,DevOps Engineer,Coal India,"Delhi, India",Technology,https://www.naukri.com/devops-engineer-jobs-in-delhi,Naukri,On-site,1.0,,,"BTECH, MCA, BCA",Experienced,False,38,6
real_mock_110,Software Engineer,TCS,"Goa, India",Technology,https://unstop.com/jobs?query=Software+Engineer,Unstop,On-site,1.0,,,"BTECH, MCA, BCA",Experienced,False,22,3
real_mock_111,Data Analyst,Infosys,"Gujarat, India",Corporate,https://www.linkedin.com/jobs,Direct MNC,On-site,1.0,,,"BTECH, MSC, BSC",Experienced,False,20,6
real_mock_112,Consultant,Wipro,"Haryana, India",Technology,https://www.linkedin.com/jobs/search/?keywords=Consultant&location=Haryana,LinkedIn,On-site,1.0,,,General,Experienced,False,26,7
real_mock_113,Accountant,Reliance,"Himachal Pradesh, India",Technology,https://www.naukri.com/accountant-jobs-in-himachal-pradesh,Naukri,On-site,1.0,,,General,Experienced,False,36,4
real_mock_114,BCA Intern,L&T Technology Services,"Jharkhand, India",Corporate,https://unstop.com/jobs?query=BCA+Intern,Unstop,On-site,1.0,,,BCA,Fresher,False,41,4
real_mock_115,MCA Trainee,Tech Mahindra,"Karnataka, India",Technology,https://www.linkedin.com/jobs,Direct MNC,On-site,1.0,,,MCA,Fresher,False,29,7
real_mock_116,B.Tech Graduate,IBM,"Kerala, India",Technology,https://www.linkedin.com/jobs/search/?keywords=B.Tech%20Graduate&location=Kerala,LinkedIn,On-site,1.0,,,BTECH,Fresher,False,37,6
real_mock_117,HR Manager,Teleperformance,"Madhya Pradesh, India",Corporate,https://www.naukri.com/hr-manager-jobs-in-madhya-pradesh,Naukri,On-site,1.0,,,NON-TECH,Experienced,False,12,5
real_mock_118,Product Manager,Kochar Infotech,"Maharashtra, India",Technology,https://unstop.com/jobs?query=Product+Manager,Unstop,On-site,1.0,,,General,Experienced,False,26,6
real_mock_119,DevOps Engineer,Aegis,"Meghalaya, India",Technology,https://www.linkedin.com/jobs,Direct MNC,On-site,1.0,,,"BTECH, MCA, BCA",Experienced,False,5,7
real_mock_120,Software Engineer,Aye Finance,"Odisha, India",Corporate,https://www.linkedin.com/jobs/search/?keywords=Software%20Engineer&location=Odisha,LinkedIn,On-site,1.0,,,"BTECH, MCA, BCA",Experienced,False,20,4
real_mock_121,Data Analyst,JP Morgan,"Punjab, India",Technology,https://www.naukri.com/data-analyst-jobs-in-punjab,Naukri,On-site,1.0,,,"BTECH, MSC, BSC",Experienced,False,43,3
real_mock_122,Consultant,Nestle,"Rajasthan, India",Technology,https://unstop.com/jobs?query=Consultant,Unstop,On-site,1.0,,,General,Experienced,False,31,7
real_mock_123,Accountant,Swiggy,"Sikkim, India",Corporate,https://www.linkedin.com/jobs,Direct MNC,On-site,1.0,,,General,Experienced,False,16,5
real_mock_124,BCA Intern,Flipkart,"Tamil Nadu, India",Technology,https://www.linkedin.com/jobs/search/?keywords=BCA%20Intern&location=Tamil%20Nadu,LinkedIn,On-site,1.0,,,BCA,Fresher,False,45,6
real_mock_125,MCA Trainee,Capgemini,"Telangana, India",Technology,https://www.naukri.com/mca-trainee-jobs-in-telangana,Naukri,On-site,1.0,,,MCA,Fresher,True,61,24
real_mock_126,B.Tech Graduate,Cognizant,"Uttar Pradesh, India",Corporate,https://unstop.com/jobs?query=B.Tech+Graduate,Unstop,On-site,1.0,,,BTECH,Fresher,True,174,10
real_mock_127,HR Manager,Deloitte,"Uttarakhand, India",Technology,https://www.linkedin.com/jobs,Direct MNC,On-site,1.0,,,NON-TECH,Experienced,True,127,10
real_mock_128,Product Manager,Goldman Sachs,"West Bengal, India",Technology,https://www.linkedin.com/jobs/search/?keywords=Product%20Manager&location=West%20Bengal,LinkedIn,On-site,1.0,,,General,Experienced,True,105,21
real_mock_129,DevOps Engineer,KPMG,"Tripura, India",Corporate,https://www.naukri.com/devops-engineer-jobs-in-tripura,Naukri,On-site,1.0,,,"BTECH, MCA, BCA",Experienced,True,142,7
real_mock_130,Software Engineer,PwC,"Mumbai (Bombay), India",Technology,https://unstop.com/jobs?query=Software+Engineer,Unstop,On-site,1.0,,,"BTECH, MCA, BCA",Experienced,True,162,12
real_mock_131,Data Analyst,Accenture,"Navi Mumbai, India",Technology,https://www.linkedin.com/jobs,Direct MNC,On-site,1.0,,,"BTECH, MSC, BSC",Experienced,True,185,15
real_mock_132,Consultant,Oracle,"Noida, India",Corporate,https://www.linkedin.com/jobs/search/?keywords=Consultant&location=Noida,LinkedIn,On-site,1.0,,,General,Experienced,True,152,18
real_mock_133,Accountant,HDFC Bank,"Gurgaon, India",Technology,https://www.naukri.com/accountant-jobs-in-gurgaon,Naukri,On-site,1.0,,,General,Experienced,False,37,3
real_mock_134,BCA Intern,Coal India,"Gurugram, India",Technology,https://unstop.com/jobs?query=BCA+Intern,Unstop,On-site,1.0,,,BCA,Fresher,False,10,7
real_mock_135,MCA Trainee,TCS,"Bangalore, India",Corporate,https://www.linkedin.com/jobs,Direct MNC,On-site,1.0,,,MCA,Fresher,False,7,4
real_mock_136,B.Tech Graduate,Infosys,"Chennai, India",Technology,https://www.linkedin.com/jobs/search/?keywords=B.Tech%20Graduate&location=Chennai,LinkedIn,On-site,1.0,,,BTECH,Fresher,False,41,6
real_mock_137,HR Manager,Wipro,"Jalpaiguri, India",Technology,https://www.naukri.com/hr-manager-jobs-in-jalpaiguri,Naukri,On-site,1.0,,,NON-TECH,Experienced,False,14,5
real_mock_138,Product Manager,Reliance,"Pune, India",Corporate,https://unstop.com/jobs?query=Product+Manager,Unstop,On-site,1.0,,,General,Experienced,False,14,6
real_mock_139,DevOps Engineer,L&T Technology Services,"Hyderabad, India",Technology,https://www.linkedin.com/jobs,Direct MNC,On-site,1.0,,,"BTECH, MCA, BCA",Experienced,False,6,4
real_mock_140,Software Engineer,Tech Mahindra,"Andhra Pradesh, India",Technology,https://www.linkedin.com/jobs/search/?keywords=Software%20Engineer&location=Andhra%20Pradesh,LinkedIn,On-site,1.0,,,"BTECH, MCA, BCA",Experienced,False,45,7
real_mock_141,Data Analyst,IBM,"Assam, India",Corporate,https://www.naukri.com/data-analyst-jobs-in-assam,Naukri,On-site,1.0,,,"BTECH, MSC, BSC",Experienced,False,24,6
real_mock_142,Consultant,Teleperformance,"Bihar, India",Technology,https://unstop.com/jobs?query=Consultant,Unstop,On-site,1.0,,,General,Experienced,False,49,6
real_mock_143,Accountant,Kochar Infotech,"Chhattisgarh, India",Technology,https://www.linkedin.com/jobs,Direct MNC,On-site,1.0,,,General,Experienced,False,34,6
real_mock_144,BCA Intern,Aegis,"Delhi, India",Corporate,https://www.linkedin.com/jobs/search/?keywords=BCA%20Intern&location=Delhi,LinkedIn,On-site,1.0,,,BCA,Fresher,False,47,5
real_mock_145,MCA Trainee,Aye Finance,"Goa, India",Technology,https://www.naukri.com/mca-trainee-jobs-in-goa,Naukri,On-site,1.0,,,MCA,Fresher,False,41,3
real_mock_146,B.Tech Graduate,JP Morgan,"Gujarat, India",Technology,https://unstop.com/jobs?query=B.Tech+Graduate,Unstop,On-site,1.0,,,BTECH,Fresher,False,39,4
real_mock_147,HR Manager,Nestle,"Haryana, India",Corporate,https://www.linkedin.com/jobs,Direct MNC,On-site,1.0,,,NON-TECH,Experienced,False,25,5
real_mock_148,Product Manager,Swiggy,"Himachal Pradesh, India",Technology,https://www.linkedin.com/jobs/search/?keywords=Product%20Manager&location=Himachal%20Pradesh,LinkedIn,On-site,1.0,,,General,Experienced,False,23,4
real_mock_149,DevOps Engineer,Flipkart,"Jharkhand, India",Technology,https://www.naukri.com/devops-engineer-jobs-in-jharkhand,Naukri,On-site,1.0,,,"BTECH, MCA, BCA",Experienced,False,22,4
real_mock_150,Software Engineer,Capgemini,"Karnataka, India",Corporate,https://unstop.com/jobs?query=Software+Engineer,Unstop,On-site,1.0,,,"BTECH, MCA, BCA",Experienced,True,157,20
real_mock_151,Data Analyst,Cognizant,"Kerala, India",Technology,https://www.linkedin.com/jobs,Direct MNC,On-site,1.0,,,"BTECH, MSC, BSC",Experienced,True,58,11
real_mock_152,Consultant,Deloitte,"Madhya Pradesh, India",Technology,https://www.linkedin.com/jobs/search/?keywords=Consultant&location=Madhya%20Pradesh,LinkedIn,On-site,1.0,,,General,Experienced,True,186,8
real_mock_153,Accountant,Goldman Sachs,"Maharashtra, India",Corporate,https://www.naukri.com/accountant-jobs-in-maharashtra,Naukri,On-site,1.0,,,General,Experienced,True,176,13
real_mock_154,BCA Intern,KPMG,"Meghalaya, India",Technology,https://unstop.com/jobs?query=BCA+Intern,Unstop,On-site,1.0,,,BCA,Fresher,True,108,15
real_mock_155,MCA Trainee,PwC,"Odisha, India",Technology,https://www.linkedin.com/jobs,Direct MNC,On-site,1.0,,,MCA,Fresher,True,151,19
real_mock_156,B.Tech Graduate,Accenture,"Punjab, India",Corporate,https://www.linkedin.com/jobs/search/?keywords=B.Tech%20Graduate&location=Punjab,LinkedIn,On-site,1.0,,,BTECH,Fresher,True,170,6
real_mock_157,HR Manager,Oracle,"Rajasthan, India",Technology,https://www.naukri.com/hr-manager-jobs-in-rajasthan,Naukri,On-site,1.0,,,NON-TECH,Experienced,True,183,23
real_mock_158,Product Manager,HDFC Bank,"Sikkim, India",Technology,https://unstop.com/jobs?query=Product+Manager,Unstop,On-site,1.0,,,General,Experienced,False,7,5
real_mock_159,DevOps Engineer,Coal India,"Tamil Nadu, India",Corporate,https://www.linkedin.com/jobs,Direct MNC,On-site,1.0,,,"BTECH, MCA, BCA",Experienced,False,11,7
real_mock_160,Software Engineer,TCS,"Telangana, India",Technology,https://www.linkedin.com/jobs/search/?keywords=Software%20Engineer&location=Telangana,LinkedIn,On-site,1.0,,,"BTECH, MCA, BCA",Experienced,False,18,6
real_mock_161,Data Analyst,Infosys,"Uttar Pradesh, India",Technology,https://www.naukri.com/data-analyst-jobs-in-uttar-pradesh,Naukri,On-site,1.0,,,"BTECH, MSC, BSC",Experienced,False,32,4
real_mock_162,Consultant,Wipro,"Uttarakhand, India",Corporate,https://unstop.com/jobs?query=Consultant,Unstop,On-site,1.0,,,General,Experienced,False,11,4
real_mock_163,Accountant,Reliance,"West Bengal, India",Technology,https://www.linkedin.com/jobs,Direct MNC,On-site,1.0,,,General,Experienced,False,15,7
real_mock_164,BCA Intern,L&T Technology Services,"Tripura, India",Technology,https://www.linkedin.com/jobs/search/?keywords=BCA%20Intern&location=Tripura,LinkedIn,On-site,1.0,,,BCA,Fresher,False,19,7
real_mock_165,MCA Trainee,Tech Mahindra,"Mumbai (Bombay), India",Corporate,https://www.naukri.com/mca-trainee-jobs-in-mumbai-(bombay),Naukri,On-site,1.0,,,MCA,Fresher,False,10,3
real_mock_166,B.Tech Graduate,IBM,"Navi Mumbai, India",Technology,https://unstop.com/jobs?query=B.Tech+Graduate,Unstop,On-site,1.0,,,BTECH,Fresher,False,28,5
real_mock_167,HR Manager,Teleperformance,"Noida, India",Technology,https://www.linkedin.com/jobs,Direct MNC,On-site,1.0,,,NON-TECH,Experienced,False,36,5
real_mock_168,Product Manager,Kochar Infotech,"Gurgaon, India",Corporate,https://www.linkedin.com/jobs/search/?keywords=Product%20Manager&location=Gurgaon,LinkedIn,On-site,1.0,,,General,Experienced,False,32,7
real_mock_169,DevOps Engineer,Aegis,"Gurugram, India",Technology,https://www.naukri.com/devops-engineer-jobs-in-gurugram,Naukri,On-site,1.0,,,"BTECH, MCA, BCA",Experienced,False,31,6
real_mock_170,Software Engineer,Aye Finance,"Bangalore, India",Technology,https://unstop.com/jobs?query=Software+Engineer,Unstop,On-site,1.0,,,"BTECH, MCA, BCA",Experienced,False,16,6
real_mock_171,Data Analyst,JP Morgan,"Chennai, India",Corporate,https://www.linkedin.com/jobs,Direct MNC,On-site,1.0,,,"BTECH, MSC, BSC",Experienced,False,14,5
real_mock_172,Consultant,Nestle,"Jalpaiguri, India",Technology,https://www.linkedin.com/jobs/search/?keywords=Consultant&location=Jalpaiguri,LinkedIn,On-site,1.0,,,General,Experienced,False,44,4
real_mock_173,Accountant,Swiggy,"Pune, India",Technology,https://www.naukri.com/accountant-jobs-in-pune,Naukri,On-site,1.0,,,General,Experienced,False,14,3
real_mock_174,BCA Intern,Flipkart,"Hyderabad, India",Corporate,https://unstop.com/jobs?query=BCA+Intern,Unstop,On-site,1.0,,,BCA,Fresher,False,18,3
real_mock_175,MCA Trainee,Capgemini,"Andhra Pradesh, India",Technology,https://www.linkedin.com/jobs,Direct MNC,On-site,1.0,,,MCA,Fresher,True,175,15
real_mock_176,B.Tech Graduate,Cognizant,"Assam, India",Technology,https://www.linkedin.com/jobs/search/?keywords=B.Tech%20Graduate&location=Assam,LinkedIn,On-site,1.0,,,BTECH,Fresher,True,140,8
real_mock_177,HR Manager,Deloitte,"Bihar, India",Corporate,https://www.naukri.com/hr-manager-jobs-in-bihar,Naukri,On-site,1.0,,,NON-TECH,Experienced,True,80,15
real_mock_178,Product Manager,Goldman Sachs,"Chhattisgarh, India",Technology,https://unstop.com/jobs?query=Product+Manager,Unstop,On-site,1.0,,,General,Experienced,True,156,10
real_mock_179,DevOps Engineer,KPMG,"Delhi, India",Technology,https://www.linkedin.com/jobs,Direct MNC,On-site,1.0,,,"BTECH, MCA, BCA",Experienced,True,124,10
real_mock_180,Software Engineer,PwC,"Goa, India",Corporate,https://www.linkedin.com/jobs/search/?keywords=Software%20Engineer&location=Goa,LinkedIn,On-site,1.0,,,"BTECH, MCA, BCA",Experienced,True,106,22
real_mock_181,Data Analyst,Accenture,"Gujarat, India",Technology,https://www.naukri.com/data-analyst-jobs-in-gujarat,Naukri,On-site,1.0,,,"BTECH, MSC, BSC",Experienced,True,70,10
real_mock_182,Consultant,Oracle,"Haryana, India",Technology,https://unstop.com/jobs?query=Consultant,Unstop,On-site,1.0,,,General,Experienced,True,50,22
real_mock_183,Accountant,HDFC Bank,"Himachal Pradesh, India",Corporate,https://www.linkedin.com/jobs,Direct MNC,On-site,1.0,,,General,Experienced,False,13,5
real_mock_184,BCA Intern,Coal India,"Jharkhand, India",Technology,https://www.linkedin.com/jobs/search/?keywords=BCA%20Intern&location=Jharkhand,LinkedIn,On-site,1.0,,,BCA,Fresher,False,21,6
real_mock_185,MCA Trainee,TCS,"Karnataka, India",Technology,https://www.naukri.com/mca-trainee-jobs-in-karnataka,Naukri,On-site,1.0,,,MCA,Fresher,False,5,6
real_mock_186,B.Tech Graduate,Infosys,"Kerala, India",Corporate,https://unstop.com/jobs?query=B.Tech+Graduate,Unstop,On-site,1.0,,,BTECH,Fresher,False,30,6
real_mock_187,HR Manager,Wipro,"Madhya Pradesh, India",Technology,https://www.linkedin.com/jobs,Direct MNC,On-site,1.0,,,NON-TECH,Experienced,False,46,3
real_mock_188,Product Manager,Reliance,"Maharashtra, India",Technology,https://www.linkedin.com/jobs/search/?keywords=Product%20Manager&location=Maharashtra,LinkedIn,On-site,1.0,,,General,Experienced,False,43,6
real_mock_189,DevOps Engineer,L&T Technology Services,"Meghalaya, India",Corporate,https://www.naukri.com/devops-engineer-jobs-in-meghalaya,Naukri,On-site,1.0,,,"BTECH, MCA, BCA",Experienced,False,16,4
real_mock_190,Software Engineer,Tech Mahindra,"Odisha, India",Technology,https://unstop.com/jobs?query=Software+Engineer,Unstop,On-site,1.0,,,"BTECH, MCA, BCA",Experienced,False,35,5
real_mock_191,Data Analyst,IBM,"Punjab, India",Technology,https://www.linkedin.com/jobs,Direct MNC,On-site,1.0,,,"BTECH, MSC, BSC",Experienced,False,46,4
real_mock_192,Consultant,Teleperformance,"Rajasthan, India",Corporate,https://www.linkedin.com/jobs/search/?keywords=Consultant&location=Rajasthan,LinkedIn,On-site,1.0,,,General,Experienced,False,16,7
real_mock_193,Accountant,Kochar Infotech,"Sikkim, India",Technology,https://www.naukri.com/accountant-jobs-in-sikkim,Naukri,On-site,1.0,,,General,Experienced,False,31,3
real_mock_194,BCA Intern,Aegis,"Tamil Nadu, India",Technology,https://unstop.com/jobs?query=BCA+Intern,Unstop,On-site,1.0,,,BCA,Fresher,False,14,5
real_mock_195,MCA Trainee,Aye Finance,"Telangana, India",Corporate,https://www.linkedin.com/jobs,Direct MNC,On-site,1.0,,,MCA,Fresher,False,27,7
real_mock_196,B.Tech Graduate,JP Morgan,"Uttar Pradesh, India",Technology,https://www.linkedin.com/jobs/search/?keywords=B.Tech%20Graduate&location=Uttar%20Pradesh,LinkedIn,On-site,1.0,,,BTECH,Fresher,False,37,6
real_mock_197,HR Manager,Nestle,"Uttarakhand, India",Technology,https://www.naukri.com/hr-manager-jobs-in-uttarakhand,Naukri,On-site,1.0,,,NON-TECH,Experienced,False,43,3
real_mock_198,Product Manager,Swiggy,"West Bengal, India",Corporate,https://unstop.com/jobs?query=Product+Manager,Unstop,On-site,1.0,,,General,Experienced,False,6,5
real_mock_199,DevOps Engineer,Flipkart,"Tripura, India",Technology,https://www.linkedin.com/jobs,Direct MNC,On-site,1.0,,,"BTECH, MCA, BCA",Experienced,False,42,7
real_mock_200,Software Engineer,Capgemini,"Mumbai (Bombay), India",Technology,https://www.linkedin.com/jobs/search/?keywords=Software%20Engineer&location=Mumbai%20(Bombay),LinkedIn,On-site,1.0,,,"BTECH, MCA, BCA",Experienced,True,119,17
real_mock_201,Data Analyst,Cognizant,"Navi Mumbai, India",Corporate,https://www.naukri.com/data-analyst-jobs-in-navi-mumbai,Naukri,On-site,1.0,,,"BTECH, MSC, BSC",Experienced,True,138,17
real_mock_202,Consultant,Deloitte,"Noida, India",Technology,https://unstop.com/jobs?query=Consultant,Unstop,On-site,1.0,,,General,Experienced,True,52,9
real_mock_203,Accountant,Goldman Sachs,"Gurgaon, India",Technology,https://www.linkedin.com/jobs,Direct MNC,On-site,1.0,,,General,Experienced,True,196,16
real_mock_204,BCA Intern,KPMG,"Gurugram, India",Corporate,https://www.linkedin.com/jobs/search/?keywords=BCA%20Intern&location=Gurugram,LinkedIn,On-site,1.0,,,BCA,Fresher,True,166,6
real_mock_205,MCA Trainee,PwC,"Bangalore, India",Technology,https://www.naukri.com/mca-trainee-jobs-in-bangalore,Naukri,On-site,1.0,,,MCA,Fresher,True,158,15
real_mock_206,B.Tech Graduate,Accenture,"Chennai, India",Technology,https://unstop.com/jobs?query=B.Tech+Graduate,Unstop,On-site,1.0,,,BTECH,Fresher,True,81,6
real_mock_207,HR Manager,Oracle,"Jalpaiguri, India",Corporate,https://www.linkedin.com/jobs,Direct MNC,On-site,1.0,,,NON-TECH,Experienced,True,82,8
real_mock_208,Product Manager,HDFC Bank,"Pune, India",Technology,https://www.linkedin.com/jobs/search/?keywords=Product%20Manager&location=Pune,LinkedIn,On-site,1.0,,,General,Experienced,False,38,3
real_mock_209,DevOps Engineer,Coal India,"Hyderabad, India",Technology,https://www.naukri.com/devops-engineer-jobs-in-hyderabad,Naukri,On-site,1.0,,,"BTECH, MCA, BCA",Experienced,False,48,6
real_mock_210,Software Engineer,TCS,"Andhra Pradesh, India",Corporate,https://unstop.com/jobs?query=Software+Engineer,Unstop,On-site,1.0,,,"BTECH, MCA, BCA",Experienced,False,26,3
real_mock_211,Data Analyst,Infosys,"Assam, India",Technology,https://www.linkedin.com/jobs,Direct MNC,On-site,1.0,,,"BTECH, MSC, BSC",Experienced,False,29,5
real_mock_212,Consultant,Wipro,"Bihar, India",Technology,https://www.linkedin.com/jobs/search/?keywords=Consultant&location=Bihar,LinkedIn,On-site,1.0,,,General,Experienced,False,44,4
real_mock_213,Accountant,Reliance,"Chhattisgarh, India",Corporate,https://www.naukri.com/accountant-jobs-in-chhattisgarh,Naukri,On-site,1.0,,,General,Experienced,False,13,3
real_mock_214,BCA Intern,L&T Technology Services,"Delhi, India",Technology,https://unstop.com/jobs?query=BCA+Intern,Unstop,On-site,1.0,,,BCA,Fresher,False,40,5
real_mock_215,MCA Trainee,Tech Mahindra,"Goa, India",Technology,https://www.linkedin.com/jobs,Direct MNC,On-site,1.0,,,MCA,Fresher,False,36,5
real_mock_216,B.Tech Graduate,IBM,"Gujarat, India",Corporate,https://www.linkedin.com/jobs/search/?keywords=B.Tech%20Graduate&location=Gujarat,LinkedIn,On-site,1.0,,,BTECH,Fresher,False,26,5
real_mock_217,HR Manager,Teleperformance,"Haryana, India",Technology,https://www.naukri.com/hr-manager-jobs-in-haryana,Naukri,On-site,1.0,,,NON-TECH,Experienced,False,38,5
real_mock_218,Product Manager,Kochar Infotech,"Himachal Pradesh, India",Technology,https://unstop.com/jobs?query=Product+Manager,Unstop,On-site,1.0,,,General,Experienced,False,40,6
real_mock_219,DevOps Engineer,Aegis,"Jharkhand, India",Corporate,https://www.linkedin.com/jobs,Direct MNC,On-site,1.0,,,"BTECH, MCA, BCA",Experienced,False,34,4
real_mock_220,Software Engineer,Aye Finance,"Karnataka, India",Technology,https://www.linkedin.com/jobs/search/?keywords=Software%20Engineer&location=Karnataka,LinkedIn,On-site,1.0,,,"BTECH, MCA, BCA",Experienced,False,39,4
real_mock_221,Data Analyst,JP Morgan,"Kerala, India",Technology,https://www.naukri.com/data-analyst-jobs-in-kerala,Naukri,On-site,1.0,,,"BTECH, MSC, BSC",Experienced,False,15,3
real_mock_222,Consultant,Nestle,"Madhya Pradesh, India",Corporate,https://unstop.com/jobs?query=Consultant,Unstop,On-site,1.0,,,General,Experienced,False,42,6
real_mock_223,Accountant,Swiggy,"Maharashtra, India",Technology,https://www.linkedin.com/jobs,Direct MNC,On-site,1.0,,,General,Experienced,False,27,6
real_mock_224,BCA Intern,Flipkart,"Meghalaya, India",Technology,https://www.linkedin.com/jobs/search/?keywords=BCA%20Intern&location=Meghalaya,LinkedIn,On-site,1.0,,,BCA,Fresher,False,25,3
real_mock_225,MCA Trainee,Capgemini,"Odisha, India",Corporate,https://www.naukri.com/mca-trainee-jobs-in-odisha,Naukri,On-site,1.0,,,MCA,Fresher,True,170,14
real_mock_226,B.Tech Graduate,Cognizant,"Punjab, India",Technology,https://unstop.com/jobs?query=B.Tech+Graduate,Unstop,On-site,1.0,,,BTECH,Fresher,True,72,21
real_mock_227,HR Manager,Deloitte,"Rajasthan, India",Technology,https://www.linkedin.com/jobs,Direct MNC,On-site,1.0,,,NON-TECH,Experienced,True,190,16
real_mock_228,Product Manager,Goldman Sachs,"Sikkim, India",Corporate,https://www.linkedin.com/jobs/search/?keywords=Product%20Manager&location=Sikkim,LinkedIn,On-site,1.0,,,General,Experienced,True,150,23
real_mock_229,DevOps Engineer,KPMG,"Tamil Nadu, India",Technology,https://www.naukri.com/devops-engineer-jobs-in-tamil-nadu,Naukri,On-site,1.0,,,"BTECH, MCA, BCA",Experienced,True,179,24
real_mock_230,Software Engineer,PwC,"Telangana, India",Technology,https://unstop.com/jobs?query=Software+Engineer,Unstop,On-site,1.0,,,"BTECH, MCA, BCA",Experienced,True,79,11
real_mock_231,Data Analyst,Accenture,"Uttar Pradesh, India",Corporate,https://www.linkedin.com/jobs,Direct MNC,On-site,1.0,,,"BTECH, MSC, BSC",Experienced,True,161,24
real_mock_232,Consultant,Oracle,"Uttarakhand, India",Technology,https://www.linkedin.com/jobs/search/?keywords=Consultant&location=Uttarakhand,LinkedIn,On-site,1.0,,,General,Experienced,True,80,15
real_mock_233,Accountant,HDFC Bank,"West Bengal, India",Technology,https://www.naukri.com/accountant-jobs-in-west-bengal,Naukri,On-site,1.0,,,General,Experienced,False,45,3
real_mock_234,BCA Intern,Coal India,"Tripura, India",Corporate,https://unstop.com/jobs?query=BCA+Intern,Unstop,On-site,1.0,,,BCA,Fresher,False,28,5
real_mock_235,MCA Trainee,TCS,"Mumbai (Bombay), India",Technology,https://www.linkedin.com/jobs,Direct MNC,On-site,1.0,,,MCA,Fresher,False,41,5
real_mock_236,B.Tech Graduate,Infosys,"Navi Mumbai, India",Technology,https://www.linkedin.com/jobs/search/?keywords=B.Tech%20Graduate&location=Navi%20Mumbai,LinkedIn,On-site,1.0,,,BTECH,Fresher,False,40,6
real_mock_237,HR Manager,Wipro,"Noida, India",Corporate,https://www.naukri.com/hr-manager-jobs-in-noida,Naukri,On-site,1.0,,,NON-TECH,Experienced,False,28,3
real_mock_238,Product Manager,Reliance,"Gurgaon, India",Technology,https://unstop.com/jobs?query=Product+Manager,Unstop,On-site,1.0,,,General,Experienced,False,11,7
real_mock_239,DevOps Engineer,L&T Technology Services,"Gurugram, India",Technology,https://www.linkedin.com/jobs,Direct MNC,On-site,1.0,,,"BTECH, MCA, BCA",Experienced,False,8,5
real_mock_240,Software Engineer,Tech Mahindra,"Bangalore, India",Corporate,https://www.linkedin.com/jobs/search/?keywords=Software%20Engineer&location=Bangalore,LinkedIn,On-site,1.0,,,"BTECH, MCA, BCA",Experienced,False,38,6
real_mock_241,Data Analyst,IBM,"Chennai, India",Technology,https://www.naukri.com/data-analyst-jobs-in-chennai,Naukri,On-site,1.0,,,"BTECH, MSC, BSC",Experienced,False,13,3
real_mock_242,Consultant,Teleperformance,"Jalpaiguri, India",Technology,https://unstop.com/jobs?query=Consultant,Unstop,On-site,1.0,,,General,Experienced,False,7,4
real_mock_243,Accountant,Kochar Infotech,"Pune, India",Corporate,https://www.linkedin.com/jobs,Direct MNC,On-site,1.0,,,General,Experienced,False,26,7
real_mock_244,BCA Intern,Aegis,"Hyderabad, India",Technology,https://www.linkedin.com/jobs/search/?keywords=BCA%20Intern&location=Hyderabad,LinkedIn,On-site,1.0,,,BCA,Fresher,False,22,6
real_mock_245,MCA Trainee,Aye Finance,"Andhra Pradesh, India",Technology,https://www.naukri.com/mca-trainee-jobs-in-andhra-pradesh,Naukri,On-site,1.0,,,MCA,Fresher,False,8,3
real_mock_246,B.Tech Graduate,JP Morgan,"Assam, India",Corporate,https://unstop.com/jobs?query=B.Tech+Graduate,Unstop,On-site,1.0,,,BTECH,Fresher,False,39,3
real_mock_247,HR Manager,Nestle,"Bihar, India",Technology,https://www.linkedin.com/jobs,Direct MNC,On-site,1.0,,,NON-TECH,Experienced,False,37,5
real_mock_248,Product Manager,Swiggy,"Chhattisgarh, India",Technology,https://www.linkedin.com/jobs/search/?keywords=Product%20Manager&location=Chhattisgarh,LinkedIn,On-site,1.0,,,General,Experienced,False,18,4
real_mock_249,DevOps Engineer,Flipkart,"Delhi, India",Corporate,https://www.naukri.com/devops-engineer-jobs-in-delhi,Naukri,On-site,1.0,,,"BTECH, MCA, BCA",Experienced,False,44,4
real_mock_250,Software Engineer,Capgemini,"Goa, India",Technology,https://unstop.com/jobs?query=Software+Engineer,Unstop,On-site,1.0,,,"BTECH, MCA, BCA",Experienced,True,158,7
real_mock_251,Data Analyst,Cognizant,"Gujarat, India",Technology,https://www.linkedin.com/jobs,Direct MNC,On-site,1.0,,,"BTECH, MSC, BSC",Experienced,True,88,19
real_mock_252,Consultant,Deloitte,"Haryana, India",Corporate,https://www.linkedin.com/jobs/search/?keywords=Consultant&location=Haryana,LinkedIn,On-site,1.0,,,General,Experienced,True,92,10
real_mock_253,Accountant,Goldman Sachs,"Himachal Pradesh, India",Technology,https://www.naukri.com/accountant-jobs-in-himachal-pradesh,Naukri,On-site,1.0,,,General,Experienced,True,138,16
real_mock_254,BCA Intern,KPMG,"Jharkhand, India",Technology,https://unstop.com/jobs?query=BCA+Intern,Unstop,On-site,1.0,,,BCA,Fresher,True,73,8
real_mock_255,MCA Trainee,PwC,"Karnataka, India",Corporate,https://www.linkedin.com/jobs,Direct MNC,On-site,1.0,,,MCA,Fresher,True,180,22
real_mock_256,B.Tech Graduate,Accenture,"Kerala, India",Technology,https://www.linkedin.com/jobs/search/?keywords=B.Tech%20Graduate&location=Kerala,LinkedIn,On-site,1.0,,,BTECH,Fresher,True,67,22
real_mock_257,HR Manager,Oracle,"Madhya Pradesh, India",Technology,https://www.naukri.com/hr-manager-jobs-in-madhya-pradesh,Naukri,On-site,1.0,,,NON-TECH,Experienced,True,185,10
real_mock_258,Product Manager,HDFC Bank,"Maharashtra, India",Corporate,https://unstop.com/jobs?query=Product+Manager,Unstop,On-site,1.0,,,General,Experienced,False,44,6
real_mock_259,DevOps Engineer,Coal India,"Meghalaya, India",Technology,https://www.linkedin.com/jobs,Direct MNC,On-site,1.0,,,"BTECH, MCA, BCA",Experienced,False,8,7
real_mock_260,Software Engineer,TCS,"Odisha, India",Technology,https://www.linkedin.com/jobs/search/?keywords=Software%20Engineer&location=Odisha,LinkedIn,On-site,1.0,,,"BTECH, MCA, BCA",Experienced,False,12,3
real_mock_261,Data Analyst,Infosys,"Punjab, India",Corporate,https://www.naukri.com/data-analyst-jobs-in-punjab,Naukri,On-site,1.0,,,"BTECH, MSC, BSC",Experienced,False,13,4
real_mock_262,Consultant,Wipro,"Rajasthan, India",Technology,https://unstop.com/jobs?query=Consultant,Unstop,On-site,1.0,,,General,Experienced,False,48,4
real_mock_263,Accountant,Reliance,"Sikkim, India",Technology,https://www.linkedin.com/jobs,Direct MNC,On-site,1.0,,,General,Experienced,False,25,3
real_mock_264,BCA Intern,L&T Technology Services,"Tamil Nadu, India",Corporate,https://www.linkedin.com/jobs/search/?keywords=BCA%20Intern&location=Tamil%20Nadu,LinkedIn,On-site,1.0,,,BCA,Fresher,False,43,5
real_mock_265,MCA Trainee,Tech Mahindra,"Telangana, India",Technology,https://www.naukri.com/mca-trainee-jobs-in-telangana,Naukri,On-site,1.0,,,MCA,Fresher,False,6,3
real_mock_266,B.Tech Graduate,IBM,"Uttar Pradesh, India",Technology,https://unstop.com/jobs?query=B.Tech+Graduate,Unstop,On-site,1.0,,,BTECH,Fresher,False,25,4
real_mock_267,HR Manager,Teleperformance,"Uttarakhand, India",Corporate,https://www.linkedin.com/jobs,Direct MNC,On-site,1.0,,,NON-TECH,Experienced,False,7,7
real_mock_268,Product Manager,Kochar Infotech,"West Bengal, India",Technology,https://www.linkedin.com/jobs/search/?keywords=Product%20Manager&location=West%20Bengal,LinkedIn,On-site,1.0,,,General,Experienced,False,18,3
real_mock_269,DevOps Engineer,Aegis,"Tripura, India",Technology,https://www.naukri.com/devops-engineer-jobs-in-tripura,Naukri,On-site,1.0,,,"BTECH, MCA, BCA",Experienced,False,33,5
real_mock_270,Software Engineer,Aye Finance,"Mumbai (Bombay), India",Corporate,https://unstop.com/jobs?query=Software+Engineer,Unstop,On-site,1.0,,,"BTECH, MCA, BCA",Experienced,False,49,4
real_mock_271,Data Analyst,JP Morgan,"Navi Mumbai, India",Technology,https://www.linkedin.com/jobs,Direct MNC,On-site,1.0,,,"BTECH, MSC, BSC",Experienced,False,47,7
real_mock_272,Consultant,Nestle,"Noida, India",Technology,https://www.linkedin.com/jobs/search/?keywords=Consultant&location=Noida,LinkedIn,On-site,1.0,,,General,Experienced,False,10,3
real_mock_273,Accountant,Swiggy,"Gurgaon, India",Corporate,https://www.naukri.com/accountant-jobs-in-gurgaon,Naukri,On-site,1.0,,,General,Experienced,False,46,6
real_mock_274,BCA Intern,Flipkart,"Gurugram, India",Technology,https://unstop.com/jobs?query=BCA+Intern,Unstop,On-site,1.0,,,BCA,Fresher,False,39,7
real_mock_275,MCA Trainee,Capgemini,"Bangalore, India",Technology,https://www.linkedin.com/jobs,Direct MNC,On-site,1.0,,,MCA,Fresher,True,160,17
real_mock_276,B.Tech Graduate,Cognizant,"Chennai, India",Corporate,https://www.linkedin.com/jobs/search/?keywords=B.Tech%20Graduate&location=Chennai,LinkedIn,On-site,1.0,,,BTECH,Fresher,True,197,20
real_mock_277,HR Manager,Deloitte,"Jalpaiguri, India",Technology,https://www.naukri.com/hr-manager-jobs-in-jalpaiguri,Naukri,On-site,1.0,,,NON-TECH,Experienced,True,125,10
real_mock_278,Product Manager,Goldman Sachs,"Pune, India",Technology,https://unstop.com/jobs?query=Product+Manager,Unstop,On-site,1.0,,,General,Experienced,True,149,22
real_mock_279,DevOps Engineer,KPMG,"Hyderabad, India",Corporate,https://www.linkedin.com/jobs,Direct MNC,On-site,1.0,,,"BTECH, MCA, BCA",Experienced,True,122,14
real_mock_280,Software Engineer,PwC,"Andhra Pradesh, India",Technology,https://www.linkedin.com/jobs/search/?keywords=Software%20Engineer&location=Andhra%20Pradesh,LinkedIn,On-site,1.0,,,"BTECH, MCA, BCA",Experienced,True,157,22
real_mock_281,Data Analyst,Accenture,"Assam, India",Technology,https://www.naukri.com/data-analyst-jobs-in-assam,Naukri,On-site,1.0,,,"BTECH, MSC, BSC",Experienced,True,177,13
real_mock_282,Consultant,Oracle,"Bihar, India",Corporate,https://unstop.com/jobs?query=Consultant,Unstop,On-site,1.0,,,General,Experienced,True,170,16
real_mock_283,Accountant,HDFC Bank,"Chhattisgarh, India",Technology,https://www.linkedin.com/jobs,Direct MNC,On-site,1.0,,,General,Experienced,False,23,4
real_mock_284,BCA Intern,Coal India,"Delhi, India",Technology,https://www.linkedin.com/jobs/search/?keywords=BCA%20Intern&location=Delhi,LinkedIn,On-site,1.0,,,BCA,Fresher,False,29,6
real_mock_285,MCA Trainee,TCS,"Goa, India",Corporate,https://www.naukri.com/mca-trainee-jobs-in-goa,Naukri,On-site,1.0,,,MCA,Fresher,False,28,6
real_mock_286,B.Tech Graduate,Infosys,"Gujarat, India",Technology,https://unstop.com/jobs?query=B.Tech+Graduate,Unstop,On-site,1.0,,,BTECH,Fresher,False,43,3
real_mock_287,HR Manager,Wipro,"Haryana, India",Technology,https://www.linkedin.com/jobs,Direct MNC,On-site,1.0,,,NON-TECH,Experienced,False,20,4
real_mock_288,Product Manager,Reliance,"Himachal Pradesh, India",Corporate,https://www.linkedin.com/jobs/search/?keywords=Product%20Manager&location=Himachal%20Pradesh,LinkedIn,On-site,1.0,,,General,Experienced,False,32,5
real_mock_289,DevOps Engineer,L&T Technology Services,"Jharkhand, India",Technology,https://www.naukri.com/devops-engineer-jobs-in-jharkhand,Naukri,On-site,1.0,,,"BTECH, MCA, BCA",Experienced,False,21,3
real_mock_290,Software Engineer,Tech Mahindra,"Karnataka, India",Technology,https://unstop.com/jobs?query=Software+Engineer,Unstop,On-site,1.0,,,"BTECH, MCA, BCA",Experienced,False,48,4
real_mock_291,Data Analyst,IBM,"Kerala, India",Corporate,https://www.linkedin.com/jobs,Direct MNC,On-site,1.0,,,"BTECH, MSC, BSC",Experienced,False,14,4
real_mock_292,Consultant,Teleperformance,"Madhya Pradesh, India",Technology,https://www.linkedin.com/jobs/search/?keywords=Consultant&location=Madhya%20Pradesh,LinkedIn,On-site,1.0,,,General,Experienced,False,40,5
real_mock_293,Accountant,Kochar Infotech,"Maharashtra, India",Technology,https://www.naukri.com/accountant-jobs-in-maharashtra,Naukri,On-site,1.0,,,General,Experienced,False,38,3
real_mock_294,BCA Intern,Aegis,"Meghalaya, India",Corporate,https://unstop.com/jobs?query=BCA+Intern,Unstop,On-site,1.0,,,BCA,Fresher,False,11,7
real_mock_295,MCA Trainee,Aye Finance,"Odisha, India",Technology,https://www.linkedin.com/jobs,Direct MNC,On-site,1.0,,,MCA,Fresher,False,38,7
real_mock_296,B.Tech Graduate,JP Morgan,"Punjab, India",Technology,https://www.linkedin.com/jobs/search/?keywords=B.Tech%20Graduate&location=Punjab,LinkedIn,On-site,1.0,,,BTECH,Fresher,False,27,3
real_mock_297,HR Manager,Nestle,"Rajasthan, India",Corporate,https://www.naukri.com/hr-manager-jobs-in-rajasthan,Naukri,On-site,1.0,,,NON-TECH,Experienced,False,37,3
real_mock_298,Product Manager,Swiggy,"Sikkim, India",Technology,https://unstop.com/jobs?query=Product+Manager,Unstop,On-site,1.0,,,General,Experienced,False,14,6
real_mock_299,DevOps Engineer,Flipkart,"Tamil Nadu, India",Technology,https://www.linkedin.com/jobs,Direct MNC,On-site,1.0,,,"BTECH, MCA, BCA",Experienced,False,48,4
real_mock_300,Software Engineer,Capgemini,"Telangana, India",Corporate,https://www.linkedin.com/jobs/search/?keywords=Software%20Engineer&location=Telangana,LinkedIn,On-site,1.0,,,"BTECH, MCA, BCA",Experienced,True,108,14
real_mock_301,Data Analyst,Cognizant,"Uttar Pradesh, India",Technology,https://www.naukri.com/data-analyst-jobs-in-uttar-pradesh,Naukri,On-site,1.0,,,"BTECH, MSC, BSC",Experienced,True,154,12
real_mock_302,Consultant,Deloitte,"Uttarakhand, India",Technology,https://unstop.com/jobs?query=Consultant,Unstop,On-site,1.0,,,General,Experienced,True,173,11
real_mock_303,Accountant,Goldman Sachs,"West Bengal, India",Corporate,https://www.linkedin.com/jobs,Direct MNC,On-site,1.0,,,General,Experienced,True,139,11
real_mock_304,BCA Intern,KPMG,"Tripura, India",Technology,https://www.linkedin.com/jobs/search/?keywords=BCA%20Intern&location=Tripura,LinkedIn,On-site,1.0,,,BCA,Fresher,True,198,15
real_mock_305,MCA Trainee,PwC,"Mumbai (Bombay), India",Technology,https://www.naukri.com/mca-trainee-jobs-in-mumbai-(bombay),Naukri,On-site,1.0,,,MCA,Fresher,True,140,10
real_mock_306,B.Tech Graduate,Accenture,"Navi Mumbai, India",Corporate,https://unstop.com/jobs?query=B.Tech+Graduate,Unstop,On-site,1.0,,,BTECH,Fresher,True,176,19
real_mock_307,HR Manager,Oracle,"Noida, India",Technology,https://www.linkedin.com/jobs,Direct MNC,On-site,1.0,,,NON-TECH,Experienced,True,59,19
real_mock_308,Product Manager,HDFC Bank,"Gurgaon, India",Technology,https://www.linkedin.com/jobs/search/?keywords=Product%20Manager&location=Gurgaon,LinkedIn,On-site,1.0,,,General,Experienced,False,15,5
real_mock_309,DevOps Engineer,Coal India,"Gurugram, India",Corporate,https://www.naukri.com/devops-engineer-jobs-in-gurugram,Naukri,On-site,1.0,,,"BTECH, MCA, BCA",Experienced,False,10,7
real_mock_310,Software Engineer,TCS,"Bangalore, India",Technology,https://unstop.com/jobs?query=Software+Engineer,Unstop,On-site,1.0,,,"BTECH, MCA, BCA",Experienced,False,42,4
real_mock_311,Data Analyst,Infosys,"Chennai, India",Technology,https://www.linkedin.com/jobs,Direct MNC,On-site,1.0,,,"BTECH, MSC, BSC",Experienced,False,32,7
real_mock_312,Consultant,Wipro,"Jalpaiguri, India",Corporate,https://www.linkedin.com/jobs/search/?keywords=Consultant&location=Jalpaiguri,LinkedIn,On-site,1.0,,,General,Experienced,False,14,6
real_mock_313,Accountant,Reliance,"Pune, India",Technology,https://www.naukri.com/accountant-jobs-in-pune,Naukri,On-site,1.0,,,General,Experienced,False,6,7
real_mock_314,BCA Intern,L&T Technology Services,"Hyderabad, India",Technology,https://unstop.com/jobs?query=BCA+Intern,Unstop,On-site,1.0,,,BCA,Fresher,False,20,4
real_mock_315,MCA Trainee,Tech Mahindra,"Andhra Pradesh, India",Corporate,https://www.linkedin.com/jobs,Direct MNC,On-site,1.0,,,MCA,Fresher,False,40,6
real_mock_316,B.Tech Graduate,IBM,"Assam, India",Technology,https://www.linkedin.com/jobs/search/?keywords=B.Tech%20Graduate&location=Assam,LinkedIn,On-site,1.0,,,BTECH,Fresher,False,10,5
real_mock_317,HR Manager,Teleperformance,"Bihar, India",Technology,https://www.naukri.com/hr-manager-jobs-in-bihar,Naukri,On-site,1.0,,,NON-TECH,Experienced,False,27,3
real_mock_318,Product Manager,Kochar Infotech,"Chhattisgarh, India",Corporate,https://unstop.com/jobs?query=Product+Manager,Unstop,On-site,1.0,,,General,Experienced,False,18,5
real_mock_319,DevOps Engineer,Aegis,"Delhi, India",Technology,https://www.linkedin.com/jobs,Direct MNC,On-site,1.0,,,"BTECH, MCA, BCA",Experienced,False,43,5
real_mock_320,Software Engineer,Aye Finance,"Goa, India",Technology,https://www.linkedin.com/jobs/search/?keywords=Software%20Engineer&location=Goa,LinkedIn,On-site,1.0,,,"BTECH, MCA, BCA",Experienced,False,9,3
real_mock_321,Data Analyst,JP Morgan,"Gujarat, India",Corporate,https://www.naukri.com/data-analyst-jobs-in-gujarat,Naukri,On-site,1.0,,,"BTECH, MSC, BSC",Experienced,False,35,6
real_mock_322,Consultant,Nestle,"Haryana, India",Technology,https://unstop.com/jobs?query=Consultant,Unstop,On-site,1.0,,,General,Experienced,False,19,6
real_mock_323,Accountant,Swiggy,"Himachal Pradesh, India",Technology,https://www.linkedin.com/jobs,Direct MNC,On-site,1.0,,,General,Experienced,False,45,4
real_mock_324,BCA Intern,Flipkart,"Jharkhand, India",Corporate,https://www.linkedin.com/jobs/search/?keywords=BCA%20Intern&location=Jharkhand,LinkedIn,On-site,1.0,,,BCA,Fresher,False,32,5
real_mock_325,MCA Trainee,Capgemini,"Karnataka, India",Technology,https://www.naukri.com/mca-trainee-jobs-in-karnataka,Naukri,On-site,1.0,,,MCA,Fresher,True,103,20
real_mock_326,B.Tech Graduate,Cognizant,"Kerala, India",Technology,https://unstop.com/jobs?query=B.Tech+Graduate,Unstop,On-site,1.0,,,BTECH,Fresher,True,136,19
real_mock_327,HR Manager,Deloitte,"Madhya Pradesh, India",Corporate,https://www.linkedin.com/jobs,Direct MNC,On-site,1.0,,,NON-TECH,Experienced,True,131,6
real_mock_328,Product Manager,Goldman Sachs,"Maharashtra, India",Technology,https://www.linkedin.com/jobs/search/?keywords=Product%20Manager&location=Maharashtra,LinkedIn,On-site,1.0,,,General,Experienced,True,166,12
real_mock_329,DevOps Engineer,KPMG,"Meghalaya, India",Technology,https://www.naukri.com/devops-engineer-jobs-in-meghalaya,Naukri,On-site,1.0,,,"BTECH, MCA, BCA",Experienced,True,177,13
real_mock_330,Software Engineer,PwC,"Odisha, India",Corporate,https://unstop.com/jobs?query=Software+Engineer,Unstop,On-site,1.0,,,"BTECH, MCA, BCA",Experienced,True,190,18
real_mock_331,Data Analyst,Accenture,"Punjab, India",Technology,https://www.linkedin.com/jobs,Direct MNC,On-site,1.0,,,"BTECH, MSC, BSC",Experienced,True,96,15
real_mock_332,Consultant,Oracle,"Rajasthan, India",Technology,https://www.linkedin.com/jobs/search/?keywords=Consultant&location=Rajasthan,LinkedIn,On-site,1.0,,,General,Experienced,True,159,22
real_mock_333,Accountant,HDFC Bank,"Sikkim, India",Corporate,https://www.naukri.com/accountant-jobs-in-sikkim,Naukri,On-site,1.0,,,General,Experienced,False,20,7
real_mock_334,BCA Intern,Coal India,"Tamil Nadu, India",Technology,https://unstop.com/jobs?query=BCA+Intern,Unstop,On-site,1.0,,,BCA,Fresher,False,35,4
real_mock_335,MCA Trainee,TCS,"Telangana, India",Technology,https://www.linkedin.com/jobs,Direct MNC,On-site,1.0,,,MCA,Fresher,False,14,7
real_mock_336,B.Tech Graduate,Infosys,"Uttar Pradesh, India",Corporate,https://www.linkedin.com/jobs/search/?keywords=B.Tech%20Graduate&location=Uttar%20Pradesh,LinkedIn,On-site,1.0,,,BTECH,Fresher,False,35,4
real_mock_337,HR Manager,Wipro,"Uttarakhand, India",Technology,https://www.naukri.com/hr-manager-jobs-in-uttarakhand,Naukri,On-site,1.0,,,NON-TECH,Experienced,False,26,5
real_mock_338,Product Manager,Reliance,"West Bengal, India",Technology,https://unstop.com/jobs?query=Product+Manager,Unstop,On-site,1.0,,,General,Experienced,False,38,4
real_mock_339,DevOps Engineer,L&T Technology Services,"Tripura, India",Corporate,https://www.linkedin.com/jobs,Direct MNC,On-site,1.0,,,"BTECH, MCA, BCA",Experienced,False,6,7
real_mock_340,Software Engineer,Tech Mahindra,"Mumbai (Bombay), India",Technology,https://www.linkedin.com/jobs/search/?keywords=Software%20Engineer&location=Mumbai%20(Bombay),LinkedIn,On-site,1.0,,,"BTECH, MCA, BCA",Experienced,False,14,3
real_mock_341,Data Analyst,IBM,"Navi Mumbai, India",Technology,https://www.naukri.com/data-analyst-jobs-in-navi-mumbai,Naukri,On-site,1.0,,,"BTECH, MSC, BSC",Experienced,False,46,3
real_mock_342,Consultant,Teleperformance,"Noida, India",Corporate,https://unstop.com/jobs?query=Consultant,Unstop,On-site,1.0,,,General,Experienced,False,13,3
real_mock_343,Accountant,Kochar Infotech,"Gurgaon, India",Technology,https://www.linkedin.com/jobs,Direct MNC,On-site,1.0,,,General,Experienced,False,38,5
real_mock_344,BCA Intern,Aegis,"Gurugram, India",Technology,https://www.linkedin.com/jobs/search/?keywords=BCA%20Intern&location=Gurugram,LinkedIn,On-site,1.0,,,BCA,Fresher,False,39,3
real_mock_345,MCA Trainee,Aye Finance,"Bangalore, India",Corporate,https://www.naukri.com/mca-trainee-jobs-in-bangalore,Naukri,On-site,1.0,,,MCA,Fresher,False,20,3
real_mock_346,B.Tech Graduate,JP Morgan,"Chennai, India",Technology,https://unstop.com/jobs?query=B.Tech+Graduate,Unstop,On-site,1.0,,,BTECH,Fresher,False,32,7
real_mock_347,HR Manager,Nestle,"Jalpaiguri, India",Technology,https://www.linkedin.com/jobs,Direct MNC,On-site,1.0,,,NON-TECH,Experienced,False,45,7
real_mock_348,Product Manager,Swiggy,"Pune, India",Corporate,https://www.linkedin.com/jobs/search/?keywords=Product%20Manager&location=Pune,LinkedIn,On-site,1.0,,,General,Experienced,False,26,4
real_mock_349,DevOps Engineer,Flipkart,"Hyderabad, India",Technology,https://www.naukri.com/devops-engineer-jobs-in-hyderabad,Naukri,On-site,1.0,,,"BTECH, MCA, BCA",Experienced,False,46,6
real_mock_350,Software Engineer,Capgemini,"Andhra Pradesh, India",Technology,https://unstop.com/jobs?query=Software+Engineer,Unstop,On-site,1.0,,,"BTECH, MCA, BCA",Experienced,True,160,19
real_mock_351,Data Analyst,Cognizant,"Assam, India",Corporate,https://www.linkedin.com/jobs,Direct MNC,On-site,1.0,,,"BTECH, MSC, BSC",Experienced,True,81,21
real_mock_352,Consultant,Deloitte,"Bihar, India",Technology,https://www.linkedin.com/jobs/search/?keywords=Consultant&location=Bihar,LinkedIn,On-site,1.0,,,General,Experienced,True,132,10
real_mock_353,Accountant,Goldman Sachs,"Chhattisgarh, India",Technology,https://www.naukri.com/accountant-jobs-in-chhattisgarh,Naukri,On-site,1.0,,,General,Experienced,True,104,22
real_mock_354,BCA Intern,KPMG,"Delhi, India",Corporate,https://unstop.com/jobs?query=BCA+Intern,Unstop,On-site,1.0,,,BCA,Fresher,True,70,6
real_mock_355,MCA Trainee,PwC,"Goa, India",Technology,https://www.linkedin.com/jobs,Direct MNC,On-site,1.0,,,MCA,Fresher,True,95,21
real_mock_356,B.Tech Graduate,Accenture,"Gujarat, India",Technology,https://www.linkedin.com/jobs/search/?keywords=B.Tech%20Graduate&location=Gujarat,LinkedIn,On-site,1.0,,,BTECH,Fresher,True,121,9
real_mock_357,HR Manager,Oracle,"Haryana, India",Corporate,https://www.naukri.com/hr-manager-jobs-in-haryana,Naukri,On-site,1.0,,,NON-TECH,Experienced,True,62,17
real_mock_358,Product Manager,HDFC Bank,"Himachal Pradesh, India",Technology,https://unstop.com/jobs?query=Product+Manager,Unstop,On-site,1.0,,,General,Experienced,False,43,5
real_mock_359,DevOps Engineer,Coal India,"Jharkhand, India",Technology,https://www.linkedin.com/jobs,Direct MNC,On-site,1.0,,,"BTECH, MCA, BCA",Experienced,False,23,3
real_mock_360,Software Engineer,TCS,"Karnataka, India",Corporate,https://www.linkedin.com/jobs/search/?keywords=Software%20Engineer&location=Karnataka,LinkedIn,On-site,1.0,,,"BTECH, MCA, BCA",Experienced,False,12,3
real_mock_361,Data Analyst,Infosys,"Kerala, India",Technology,https://www.naukri.com/data-analyst-jobs-in-kerala,Naukri,On-site,1.0,,,"BTECH, MSC, BSC",Experienced,False,34,4
real_mock_362,Consultant,Wipro,"Madhya Pradesh, India",Technology,https://unstop.com/jobs?query=Consultant,Unstop,On-site,1.0,,,General,Experienced,False,35,4
real_mock_363,Accountant,Reliance,"Maharashtra, India",Corporate,https://www.linkedin.com/jobs,Direct MNC,On-site,1.0,,,General,Experienced,False,12,6
real_mock_364,BCA Intern,L&T Technology Services,"Meghalaya, India",Technology,https://www.linkedin.com/jobs/search/?keywords=BCA%20Intern&location=Meghalaya,LinkedIn,On-site,1.0,,,BCA,Fresher,False,25,4
real_mock_365,MCA Trainee,Tech Mahindra,"Odisha, India",Technology,https://www.naukri.com/mca-trainee-jobs-in-odisha,Naukri,On-site,1.0,,,MCA,Fresher,False,31,3
real_mock_366,B.Tech Graduate,IBM,"Punjab, India",Corporate,https://unstop.com/jobs?query=B.Tech+Graduate,Unstop,On-site,1.0,,,BTECH,Fresher,False,36,3
real_mock_367,HR Manager,Teleperformance,"Rajasthan, India",Technology,https://www.linkedin.com/jobs,Direct MNC,On-site,1.0,,,NON-TECH,Experienced,False,39,6
real_mock_368,Product Manager,Kochar Infotech,"Sikkim, India",Technology,https://www.linkedin.com/jobs/search/?keywords=Product%20Manager&location=Sikkim,LinkedIn,On-site,1.0,,,General,Experienced,False,26,3
real_mock_369,DevOps Engineer,Aegis,"Tamil Nadu, India",Corporate,https://www.naukri.com/devops-engineer-jobs-in-tamil-nadu,Naukri,On-site,1.0,,,"BTECH, MCA, BCA",Experienced,False,33,7
real_mock_370,Software Engineer,Aye Finance,"Telangana, India",Technology,https://unstop.com/jobs?query=Software+Engineer,Unstop,On-site,1.0,,,"BTECH, MCA, BCA",Experienced,False,36,5
real_mock_371,Data Analyst,JP Morgan,"Uttar Pradesh, India",Technology,https://www.linkedin.com/jobs,Direct MNC,On-site,1.0,,,"BTECH, MSC, BSC",Experienced,False,24,3
real_mock_372,Consultant,Nestle,"Uttarakhand, India",Corporate,https://www.linkedin.com/jobs/search/?keywords=Consultant&location=Uttarakhand,LinkedIn,On-site,1.0,,,General,Experienced,False,19,7
real_mock_373,Accountant,Swiggy,"West Bengal, India",Technology,https://www.naukri.com/accountant-jobs-in-west-bengal,Naukri,On-site,1.0,,,General,Experienced,False,47,3
real_mock_374,BCA Intern,Flipkart,"Tripura, India",Technology,https://unstop.com/jobs?query=BCA+Intern,Unstop,On-site,1.0,,,BCA,Fresher,False,11,5
real_mock_375,MCA Trainee,Capgemini,"Mumbai (Bombay), India",Corporate,https://www.linkedin.com/jobs,Direct MNC,On-site,1.0,,,MCA,Fresher,True,182,9
real_mock_376,B.Tech Graduate,Cognizant,"Navi Mumbai, India",Technology,https://www.linkedin.com/jobs/search/?keywords=B.Tech%20Graduate&location=Navi%20Mumbai,LinkedIn,On-site,1.0,,,BTECH,Fresher,True,172,14
real_mock_377,HR Manager,Deloitte,"Noida, India",Technology,https://www.naukri.com/hr-manager-jobs-in-noida,Naukri,On-site,1.0,,,NON-TECH,Experienced,True,153,14
real_mock_378,Product Manager,Goldman Sachs,"Gurgaon, India",Corporate,https://unstop.com/jobs?query=Product+Manager,Unstop,On-site,1.0,,,General,Experienced,True,54,24
real_mock_379,DevOps Engineer,KPMG,"Gurugram, India",Technology,https://www.linkedin.com/jobs,Direct MNC,On-site,1.0,,,"BTECH, MCA, BCA",Experienced,True,189,20
real_mock_380,Software Engineer,PwC,"Bangalore, India",Technology,https://www.linkedin.com/jobs/search/?keywords=Software%20Engineer&location=Bangalore,LinkedIn,On-site,1.0,,,"BTECH, MCA, BCA",Experienced,True,179,18
real_mock_381,Data Analyst,Accenture,"Chennai, India",Corporate,https://www.naukri.com/data-analyst-jobs-in-chennai,Naukri,On-site,1.0,,,"BTECH, MSC, BSC",Experienced,True,188,21
real_mock_382,Consultant,Oracle,"Jalpaiguri, India",Technology,https://unstop.com/jobs?query=Consultant,Unstop,On-site,1.0,,,General,Experienced,True,155,11
real_mock_383,Accountant,HDFC Bank,"Pune, India",Technology,https://www.linkedin.com/jobs,Direct MNC,On-site,1.0,,,General,Experienced,False,49,5
real_mock_384,BCA Intern,Coal India,"Hyderabad, India",Corporate,https://www.linkedin.com/jobs/search/?keywords=BCA%20Intern&location=Hyderabad,LinkedIn,On-site,1.0,,,BCA,Fresher,False,27,5
real_mock_385,MCA Trainee,TCS,"Andhra Pradesh, India",Technology,https://www.naukri.com/mca-trainee-jobs-in-andhra-pradesh,Naukri,On-site,1.0,,,MCA,Fresher,False,7,6
real_mock_386,B.Tech Graduate,Infosys,"Assam, India",Technology,https://unstop.com/jobs?query=B.Tech+Graduate,Unstop,On-site,1.0,,,BTECH,Fresher,False,11,4
real_mock_387,HR Manager,Wipro,"Bihar, India",Corporate,https://www.linkedin.com/jobs,Direct MNC,On-site,1.0,,,NON-TECH,Experienced,False,20,6
real_mock_388,Product Manager,Reliance,"Chhattisgarh, India",Technology,https://www.linkedin.com/jobs/search/?keywords=Product%20Manager&location=Chhattisgarh,LinkedIn,On-site,1.0,,,General,Experienced,False,18,6
real_mock_389,DevOps Engineer,L&T Technology Services,"Delhi, India",Technology,https://www.naukri.com/devops-engineer-jobs-in-delhi,Naukri,On-site,1.0,,,"BTECH, MCA, BCA",Experienced,False,22,7
real_mock_390,Software Engineer,Tech Mahindra,"Goa, India",Corporate,https://unstop.com/jobs?query=Software+Engineer,Unstop,On-site,1.0,,,"BTECH, MCA, BCA",Experienced,False,34,7
real_mock_391,Data Analyst,IBM,"Gujarat, India",Technology,https://www.linkedin.com/jobs,Direct MNC,On-site,1.0,,,"BTECH, MSC, BSC",Experienced,False,37,4
real_mock_392,Consultant,Teleperformance,"Haryana, India",Technology,https://www.linkedin.com/jobs/search/?keywords=Consultant&location=Haryana,LinkedIn,On-site,1.0,,,General,Experienced,False,20,5
real_mock_393,Accountant,Kochar Infotech,"Himachal Pradesh, India",Corporate,https://www.naukri.com/accountant-jobs-in-himachal-pradesh,Naukri,On-site,1.0,,,General,Experienced,False,38,4
real_mock_394,BCA Intern,Aegis,"Jharkhand, India",Technology,https://unstop.com/jobs?query=BCA+Intern,Unstop,On-site,1.0,,,BCA,Fresher,False,19,4
real_mock_395,MCA Trainee,Aye Finance,"Karnataka, India",Technology,https://www.linkedin.com/jobs,Direct MNC,On-site,1.0,,,MCA,Fresher,False,34,6
real_mock_396,B.Tech Graduate,JP Morgan,"Kerala, India",Corporate,https://www.linkedin.com/jobs/search/?keywords=B.Tech%20Graduate&location=Kerala,LinkedIn,On-site,1.0,,,BTECH,Fresher,False,39,3
real_mock_397,HR Manager,Nestle,"Madhya Pradesh, India",Technology,https://www.naukri.com/hr-manager-jobs-in-madhya-pradesh,Naukri,On-site,1.0,,,NON-TECH,Experienced,False,12,6
real_mock_398,Product Manager,Swiggy,"Maharashtra, India",Technology,https://unstop.com/jobs?query=Product+Manager,Unstop,On-site,1.0,,,General,Experienced,False,26,5
real_mock_399,DevOps Engineer,Flipkart,"Meghalaya, India",Corporate,https://www.linkedin.com/jobs,Direct MNC,On-site,1.0,,,"BTECH, MCA, BCA",Experienced,False,20,7
real_mock_400,Software Engineer,Capgemini,"Odisha, India",Technology,https://www.linkedin.com/jobs/search/?keywords=Software%20Engineer&location=Odisha,LinkedIn,On-site,1.0,,,"BTECH, MCA, BCA",Experienced,True,154,20
real_mock_401,Data Analyst,Cognizant,"Punjab, India",Technology,https://www.naukri.com/data-analyst-jobs-in-punjab,Naukri,On-site,1.0,,,"BTECH, MSC, BSC",Experienced,True,91,19
real_mock_402,Consultant,Deloitte,"Rajasthan, India",Corporate,https://unstop.com/jobs?query=Consultant,Unstop,On-site,1.0,,,General,Experienced,True,133,20
real_mock_403,Accountant,Goldman Sachs,"Sikkim, India",Technology,https://www.linkedin.com/jobs,Direct MNC,On-site,1.0,,,General,Experienced,True,118,17
real_mock_404,BCA Intern,KPMG,"Tamil Nadu, India",Technology,https://www.linkedin.com/jobs/search/?keywords=BCA%20Intern&location=Tamil%20Nadu,LinkedIn,On-site,1.0,,,BCA,Fresher,True,132,10
real_mock_405,MCA Trainee,PwC,"Telangana, India",Corporate,https://www.naukri.com/mca-trainee-jobs-in-telangana,Naukri,On-site,1.0,,,MCA,Fresher,True,192,13
real_mock_406,B.Tech Graduate,Accenture,"Uttar Pradesh, India",Technology,https://unstop.com/jobs?query=B.Tech+Graduate,Unstop,On-site,1.0,,,BTECH,Fresher,True,91,14
real_mock_407,HR Manager,Oracle,"Uttarakhand, India",Technology,https://www.linkedin.com/jobs,Direct MNC,On-site,1.0,,,NON-TECH,Experienced,True,165,24
real_mock_408,Product Manager,HDFC Bank,"West Bengal, India",Corporate,https://www.linkedin.com/jobs/search/?keywords=Product%20Manager&location=West%20Bengal,LinkedIn,On-site,1.0,,,General,Experienced,False,37,3
real_mock_409,DevOps Engineer,Coal India,"Tripura, India",Technology,https://www.naukri.com/devops-engineer-jobs-in-tripura,Naukri,On-site,1.0,,,"BTECH, MCA, BCA",Experienced,False,26,4
real_mock_410,Software Engineer,TCS,"Mumbai (Bombay), India",Technology,https://unstop.com/jobs?query=Software+Engineer,Unstop,On-site,1.0,,,"BTECH, MCA, BCA",Experienced,False,9,7
real_mock_411,Data Analyst,Infosys,"Navi Mumbai, India",Corporate,https://www.linkedin.com/jobs,Direct MNC,On-site,1.0,,,"BTECH, MSC, BSC",Experienced,False,41,7
real_mock_412,Consultant,Wipro,"Noida, India",Technology,https://www.linkedin.com/jobs/search/?keywords=Consultant&location=Noida,LinkedIn,On-site,1.0,,,General,Experienced,False,6,5
real_mock_413,Accountant,Reliance,"Gurgaon, India",Technology,https://www.naukri.com/accountant-jobs-in-gurgaon,Naukri,On-site,1.0,,,General,Experienced,False,13,3
real_mock_414,BCA Intern,L&T Technology Services,"Gurugram, India",Corporate,https://unstop.com/jobs?query=BCA+Intern,Unstop,On-site,1.0,,,BCA,Fresher,False,46,3
real_mock_415,MCA Trainee,Tech Mahindra,"Bangalore, India",Technology,https://www.linkedin.com/jobs,Direct MNC,On-site,1.0,,,MCA,Fresher,False,24,4
real_mock_416,B.Tech Graduate,IBM,"Chennai, India",Technology,https://www.linkedin.com/jobs/search/?keywords=B.Tech%20Graduate&location=Chennai,LinkedIn,On-site,1.0,,,BTECH,Fresher,False,42,4
real_mock_417,HR Manager,Teleperformance,"Jalpaiguri, India",Corporate,https://www.naukri.com/hr-manager-jobs-in-jalpaiguri,Naukri,On-site,1.0,,,NON-TECH,Experienced,False,28,5
real_mock_418,Product Manager,Kochar Infotech,"Pune, India",Technology,https://unstop.com/jobs?query=Product+Manager,Unstop,On-site,1.0,,,General,Experienced,False,12,5
real_mock_419,DevOps Engineer,Aegis,"Hyderabad, India",Technology,https://www.linkedin.com/jobs,Direct MNC,On-site,1.0,,,"BTECH, MCA, BCA",Experienced,False,9,3
real_mock_420,Software Engineer,Aye Finance,"Andhra Pradesh, India",Corporate,https://www.linkedin.com/jobs/search/?keywords=Software%20Engineer&location=Andhra%20Pradesh,LinkedIn,On-site,1.0,,,"BTECH, MCA, BCA",Experienced,False,35,7
real_mock_421,Data Analyst,JP Morgan,"Assam, India",Technology,https://www.naukri.com/data-analyst-jobs-in-assam,Naukri,On-site,1.0,,,"BTECH, MSC, BSC",Experienced,False,16,3
real_mock_422,Consultant,Nestle,"Bihar, India",Technology,https://unstop.com/jobs?query=Consultant,Unstop,On-site,1.0,,,General,Experienced,False,8,4
real_mock_423,Accountant,Swiggy,"Chhattisgarh, India",Corporate,https://www.linkedin.com/jobs,Direct MNC,On-site,1.0,,,General,Experienced,False,11,6
real_mock_424,BCA Intern,Flipkart,"Delhi, India",Technology,https://www.linkedin.com/jobs/search/?keywords=BCA%20Intern&location=Delhi,LinkedIn,On-site,1.0,,,BCA,Fresher,False,5,5
real_mock_425,MCA Trainee,Capgemini,"Goa, India",Technology,https://www.naukri.com/mca-trainee-jobs-in-goa,Naukri,On-site,1.0,,,MCA,Fresher,True,196,9
real_mock_426,B.Tech Graduate,Cognizant,"Gujarat, India",Corporate,https://unstop.com/jobs?query=B.Tech+Graduate,Unstop,On-site,1.0,,,BTECH,Fresher,True,140,9
real_mock_427,HR Manager,Deloitte,"Haryana, India",Technology,https://www.linkedin.com/jobs,Direct MNC,On-site,1.0,,,NON-TECH,Experienced,True,182,17
real_mock_428,Product Manager,Goldman Sachs,"Himachal Pradesh, India",Technology,https://www.linkedin.com/jobs/search/?keywords=Product%20Manager&location=Himachal%20Pradesh,LinkedIn,On-site,1.0,,,General,Experienced,True,76,18
real_mock_429,DevOps Engineer,KPMG,"Jharkhand, India",Corporate,https://www.naukri.com/devops-engineer-jobs-in-jharkhand,Naukri,On-site,1.0,,,"BTECH, MCA, BCA",Experienced,True,57,8
real_mock_430,Software Engineer,PwC,"Karnataka, India",Technology,https://unstop.com/jobs?query=Software+Engineer,Unstop,On-site,1.0,,,"BTECH, MCA, BCA",Experienced,True,128,24
real_mock_431,Data Analyst,Accenture,"Kerala, India",Technology,https://www.linkedin.com/jobs,Direct MNC,On-site,1.0,,,"BTECH, MSC, BSC",Experienced,True,184,16
real_mock_432,Consultant,Oracle,"Madhya Pradesh, India",Corporate,https://www.linkedin.com/jobs/search/?keywords=Consultant&location=Madhya%20Pradesh,LinkedIn,On-site,1.0,,,General,Experienced,True,88,10
real_mock_433,Accountant,HDFC Bank,"Maharashtra, India",Technology,https://www.naukri.com/accountant-jobs-in-maharashtra,Naukri,On-site,1.0,,,General,Experienced,False,6,4
real_mock_434,BCA Intern,Coal India,"Meghalaya, India",Technology,https://unstop.com/jobs?query=BCA+Intern,Unstop,On-site,1.0,,,BCA,Fresher,False,41,3
real_mock_435,MCA Trainee,TCS,"Odisha, India",Corporate,https://www.linkedin.com/jobs,Direct MNC,On-site,1.0,,,MCA,Fresher,False,8,5
real_mock_436,B.Tech Graduate,Infosys,"Punjab, India",Technology,https://www.linkedin.com/jobs/search/?keywords=B.Tech%20Graduate&location=Punjab,LinkedIn,On-site,1.0,,,BTECH,Fresher,False,8,7
real_mock_437,HR Manager,Wipro,"Rajasthan, India",Technology,https://www.naukri.com/hr-manager-jobs-in-rajasthan,Naukri,On-site,1.0,,,NON-TECH,Experienced,False,47,3
real_mock_438,Product Manager,Reliance,"Sikkim, India",Corporate,https://unstop.com/jobs?query=Product+Manager,Unstop,On-site,1.0,,,General,Experienced,False,41,7
real_mock_439,DevOps Engineer,L&T Technology Services,"Tamil Nadu, India",Technology,https://www.linkedin.com/jobs,Direct MNC,On-site,1.0,,,"BTECH, MCA, BCA",Experienced,False,44,3
real_mock_440,Software Engineer,Tech Mahindra,"Telangana, India",Technology,https://www.linkedin.com/jobs/search/?keywords=Software%20Engineer&location=Telangana,LinkedIn,On-site,1.0,,,"BTECH, MCA, BCA",Experienced,False,29,3
real_mock_441,Data Analyst,IBM,"Uttar Pradesh, India",Corporate,https://www.naukri.com/data-analyst-jobs-in-uttar-pradesh,Naukri,On-site,1.0,,,"BTECH, MSC, BSC",Experienced,False,29,5
real_mock_442,Consultant,Teleperformance,"Uttarakhand, India",Technology,https://unstop.com/jobs?query=Consultant,Unstop,On-site,1.0,,,General,Experienced,False,27,6
real_mock_443,Accountant,Kochar Infotech,"West Bengal, India",Technology,https://www.linkedin.com/jobs,Direct MNC,On-site,1.0,,,General,Experienced,False,15,3
real_mock_444,BCA Intern,Aegis,"Tripura, India",Corporate,https://www.linkedin.com/jobs/search/?keywords=BCA%20Intern&location=Tripura,LinkedIn,On-site,1.0,,,BCA,Fresher,False,43,7
real_mock_445,MCA Trainee,Aye Finance,"Mumbai (Bombay), India",Technology,https://www.naukri.com/mca-trainee-jobs-in-mumbai-(bombay),Naukri,On-site,1.0,,,MCA,Fresher,False,27,7
real_mock_446,B.Tech Graduate,JP Morgan,"Navi Mumbai, India",Technology,https://unstop.com/jobs?query=B.Tech+Graduate,Unstop,On-site,1.0,,,BTECH,Fresher,False,20,6
real_mock_447,HR Manager,Nestle,"Noida, India",Corporate,https://www.linkedin.com/jobs,Direct MNC,On-site,1.0,,,NON-TECH,Experienced,False,10,3
real_mock_448,Product Manager,Swiggy,"Gurgaon, India",Technology,https://www.linkedin.com/jobs/search/?keywords=Product%20Manager&location=Gurgaon,LinkedIn,On-site,1.0,,,General,Experienced,False,11,7
real_mock_449,DevOps Engineer,Flipkart,"Gurugram, India",Technology,https://www.naukri.com/devops-engineer-jobs-in-gurugram,Naukri,On-site,1.0,,,"BTECH, MCA, BCA",Experienced,False,21,4
real_mock_450,Software Engineer,Capgemini,"Bangalore, India",Corporate,https://unstop.com/jobs?query=Software+Engineer,Unstop,On-site,1.0,,,"BTECH, MCA, BCA",Experienced,True,190,23
real_mock_451,Data Analyst,Cognizant,"Chennai, India",Technology,https://www.linkedin.com/jobs,Direct MNC,On-site,1.0,,,"BTECH, MSC, BSC",Experienced,True,163,7
real_mock_452,Consultant,Deloitte,"Jalpaiguri, India",Technology,https://www.linkedin.com/jobs/search/?keywords=Consultant&location=Jalpaiguri,LinkedIn,On-site,1.0,,,General,Experienced,True,165,9
real_mock_453,Accountant,Goldman Sachs,"Pune, India",Corporate,https://www.naukri.com/accountant-jobs-in-pune,Naukri,On-site,1.0,,,General,Experienced,True,129,15
real_mock_454,BCA Intern,KPMG,"Hyderabad, India",Technology,https://unstop.com/jobs?query=BCA+Intern,Unstop,On-site,1.0,,,BCA,Fresher,True,183,17
real_mock_455,MCA Trainee,PwC,"Andhra Pradesh, India",Technology,https://www.linkedin.com/jobs,Direct MNC,On-site,1.0,,,MCA,Fresher,True,104,23
real_mock_456,B.Tech Graduate,Accenture,"Assam, India",Corporate,https://www.linkedin.com/jobs/search/?keywords=B.Tech%20Graduate&location=Assam,LinkedIn,On-site,1.0,,,BTECH,Fresher,True,147,15
real_mock_457,HR Manager,Oracle,"Bihar, India",Technology,https://www.naukri.com/hr-manager-jobs-in-bihar,Naukri,On-site,1.0,,,NON-TECH,Experienced,True,107,10
real_mock_458,Product Manager,HDFC Bank,"Chhattisgarh, India",Technology,https://unstop.com/jobs?query=Product+Manager,Unstop,On-site,1.0,,,General,Experienced,False,39,3
real_mock_459,DevOps Engineer,Coal India,"Delhi, India",Corporate,https://www.linkedin.com/jobs,Direct MNC,On-site,1.0,,,"BTECH, MCA, BCA",Experienced,False,37,7
real_mock_460,Software Engineer,TCS,"Goa, India",Technology,https://www.linkedin.com/jobs/search/?keywords=Software%20Engineer&location=Goa,LinkedIn,On-site,1.0,,,"BTECH, MCA, BCA",Experienced,False,42,4
real_mock_461,Data Analyst,Infosys,"Gujarat, India",Technology,https://www.naukri.com/data-analyst-jobs-in-gujarat,Naukri,On-site,1.0,,,"BTECH, MSC, BSC",Experienced,False,27,7
real_mock_462,Consultant,Wipro,"Haryana, India",Corporate,https://unstop.com/jobs?query=Consultant,Unstop,On-site,1.0,,,General,Experienced,False,39,5
real_mock_463,Accountant,Reliance,"Himachal Pradesh, India",Technology,https://www.linkedin.com/jobs,Direct MNC,On-site,1.0,,,General,Experienced,False,12,5
real_mock_464,BCA Intern,L&T Technology Services,"Jharkhand, India",Technology,https://www.linkedin.com/jobs/search/?keywords=BCA%20Intern&location=Jharkhand,LinkedIn,On-site,1.0,,,BCA,Fresher,False,42,4
real_mock_465,MCA Trainee,Tech Mahindra,"Karnataka, India",Corporate,https://www.naukri.com/mca-trainee-jobs-in-karnataka,Naukri,On-site,1.0,,,MCA,Fresher,False,38,7
real_mock_466,B.Tech Graduate,IBM,"Kerala, India",Technology,https://unstop.com/jobs?query=B.Tech+Graduate,Unstop,On-site,1.0,,,BTECH,Fresher,False,46,5
real_mock_467,HR Manager,Teleperformance,"Madhya Pradesh, India",Technology,https://www.linkedin.com/jobs,Direct MNC,On-site,1.0,,,NON-TECH,Experienced,False,30,5
real_mock_468,Product Manager,Kochar Infotech,"Maharashtra, India",Corporate,https://www.linkedin.com/jobs/search/?keywords=Product%20Manager&location=Maharashtra,LinkedIn,On-site,1.0,,,General,Experienced,False,19,3
real_mock_469,DevOps Engineer,Aegis,"Meghalaya, India",Technology,https://www.naukri.com/devops-engineer-jobs-in-meghalaya,Naukri,On-site,1.0,,,"BTECH, MCA, BCA",Experienced,False,24,7
real_mock_470,Software Engineer,Aye Finance,"Odisha, India",Technology,https://unstop.com/jobs?query=Software+Engineer,Unstop,On-site,1.0,,,"BTECH, MCA, BCA",Experienced,False,24,4
real_mock_471,Data Analyst,JP Morgan,"Punjab, India",Corporate,https://www.linkedin.com/jobs,Direct MNC,On-site,1.0,,,"BTECH, MSC, BSC",Experienced,False,40,4
real_mock_472,Consultant,Nestle,"Rajasthan, India",Technology,https://www.linkedin.com/jobs/search/?keywords=Consultant&location=Rajasthan,LinkedIn,On-site,1.0,,,General,Experienced,False,30,3
real_mock_473,Accountant,Swiggy,"Sikkim, India",Technology,https://www.naukri.com/accountant-jobs-in-sikkim,Naukri,On-site,1.0,,,General,Experienced,False,40,7
real_mock_474,BCA Intern,Flipkart,"Tamil Nadu, India",Corporate,https://unstop.com/jobs?query=BCA+Intern,Unstop,On-site,1.0,,,BCA,Fresher,False,7,6
real_mock_475,MCA Trainee,Capgemini,"Telangana, India",Technology,https://www.linkedin.com/jobs,Direct MNC,On-site,1.0,,,MCA,Fresher,True,88,23
real_mock_476,B.Tech Graduate,Cognizant,"Uttar Pradesh, India",Technology,https://www.linkedin.com/jobs/search/?keywords=B.Tech%20Graduate&location=Uttar%20Pradesh,LinkedIn,On-site,1.0,,,BTECH,Fresher,True,166,15
real_mock_477,HR Manager,Deloitte,"Uttarakhand, India",Corporate,https://www.naukri.com/hr-manager-jobs-in-uttarakhand,Naukri,On-site,1.0,,,NON-TECH,Experienced,True,157,13
real_mock_478,Product Manager,Goldman Sachs,"West Bengal, India",Technology,https://unstop.com/jobs?query=Product+Manager,Unstop,On-site,1.0,,,General,Experienced,True,104,20
real_mock_479,DevOps Engineer,KPMG,"Tripura, India",Technology,https://www.linkedin.com/jobs,Direct MNC,On-site,1.0,,,"BTECH, MCA, BCA",Experienced,True,182,18
real_mock_480,Software Engineer,PwC,"Mumbai (Bombay), India",Corporate,https://www.linkedin.com/jobs/search/?keywords=Software%20Engineer&location=Mumbai%20(Bombay),LinkedIn,On-site,1.0,,,"BTECH, MCA, BCA",Experienced,True,57,19
real_mock_481,Data Analyst,Accenture,"Navi Mumbai, India",Technology,https://www.naukri.com/data-analyst-jobs-in-navi-mumbai,Naukri,On-site,1.0,,,"BTECH, MSC, BSC",Experienced,True,186,8
real_mock_482,Consultant,Oracle,"Noida, India",Technology,https://unstop.com/jobs?query=Consultant,Unstop,On-site,1.0,,,General,Experienced,True,196,19
real_mock_483,Accountant,HDFC Bank,"Gurgaon, India",Corporate,https://www.linkedin.com/jobs,Direct MNC,On-site,1.0,,,General,Experienced,False,20,4
real_mock_484,BCA Intern,Coal India,"Gurugram, India",Technology,https://www.linkedin.com/jobs/search/?keywords=BCA%20Intern&location=Gurugram,LinkedIn,On-site,1.0,,,BCA,Fresher,False,36,4
real_mock_485,MCA Trainee,TCS,"Bangalore, India",Technology,https://www.naukri.com/mca-trainee-jobs-in-bangalore,Naukri,On-site,1.0,,,MCA,Fresher,False,41,6
real_mock_486,B.Tech Graduate,Infosys,"Chennai, India",Corporate,https://unstop.com/jobs?query=B.Tech+Graduate,Unstop,On-site,1.0,,,BTECH,Fresher,False,24,3
real_mock_487,HR Manager,Wipro,"Jalpaiguri, India",Technology,https://www.linkedin.com/jobs,Direct MNC,On-site,1.0,,,NON-TECH,Experienced,False,5,4
real_mock_488,Product Manager,Reliance,"Pune, India",Technology,https://www.linkedin.com/jobs/search/?keywords=Product%20Manager&location=Pune,LinkedIn,On-site,1.0,,,General,Experienced,False,30,4
real_mock_489,DevOps Engineer,L&T Technology Services,"Hyderabad, India",Corporate,https://www.naukri.com/devops-engineer-jobs-in-hyderabad,Naukri,On-site,1.0,,,"BTECH, MCA, BCA",Experienced,False,46,7
real_mock_490,Software Engineer,Tech Mahindra,"Andhra Pradesh, India",Technology,https://unstop.com/jobs?query=Software+Engineer,Unstop,On-site,1.0,,,"BTECH, MCA, BCA",Experienced,False,17,4
real_mock_491,Data Analyst,IBM,"Assam, India",Technology,https://www.linkedin.com/jobs,Direct MNC,On-site,1.0,,,"BTECH, MSC, BSC",Experienced,False,24,4
real_mock_492,Consultant,Teleperformance,"Bihar, India",Corporate,https://www.linkedin.com/jobs/search/?keywords=Consultant&location=Bihar,LinkedIn,On-site,1.0,,,General,Experienced,False,48,3
real_mock_493,Accountant,Kochar Infotech,"Chhattisgarh, India",Technology,https://www.naukri.com/accountant-jobs-in-chhattisgarh,Naukri,On-site,1.0,,,General,Experienced,False,43,3
real_mock_494,BCA Intern,Aegis,"Delhi, India",Technology,https://unstop.com/jobs?query=BCA+Intern,Unstop,On-site,1.0,,,BCA,Fresher,False,33,5
real_mock_495,MCA Trainee,Aye Finance,"Goa, India",Corporate,https://www.linkedin.com/jobs,Direct MNC,On-site,1.0,,,MCA,Fresher,False,36,5
real_mock_496,B.Tech Graduate,JP Morgan,"Gujarat, India",Technology,https://www.linkedin.com/jobs/search/?keywords=B.Tech%20Graduate&location=Gujarat,LinkedIn,On-site,1.0,,,BTECH,Fresher,False,32,7
real_mock_497,HR Manager,Nestle,"Haryana, India",Technology,https://www.naukri.com/hr-manager-jobs-in-haryana,Naukri,On-site,1.0,,,NON-TECH,Experienced,False,31,4
real_mock_498,Product Manager,Swiggy,"Himachal Pradesh, India",Corporate,https://unstop.com/jobs?query=Product+Manager,Unstop,On-site,1.0,,,General,Experienced,False,25,3
real_mock_499,DevOps Engineer,Flipkart,"Jharkhand, India",Technology,https://www.linkedin.com/jobs,Direct MNC,On-site,1.0,,,"BTECH, MCA, BCA",Experienced,False,27,7
