id,title,company,location,category,url,source,job_type,priority,publication_date,salary,education,is_mnc,placements,package
mnc_14948214,Managing Delivery Architect - SDWAN Delivery Architect,Capgemini,India / Remote,Computer and IT,https://www.themuse.com/jobs/capgemini/managing-delivery-architect-sdwan-delivery-architect-9895f9,MNC Network,Full Time,1.0,,,General,True,195,19
mnc_21668713,Security Engineer with Public Trust,Deloitte,India / Remote,Software Engineering,https://www.themuse.com/jobs/deloitte/security-engineer-with-public-trust,MNC Network,Full Time,1.0,,,"BCA, BTECH, MCA",True,79,24
mnc_21339866,Robotic Process Automation Developer,Deloitte,India / Remote,Data and Analytics,https://www.themuse.com/jobs/deloitte/robotic-process-automation-developer-7a828a,MNC Network,Full Time,1.0,,,"BCA, BTECH, MCA",True,60,19
mnc_21510926,"Tax Senior, Internal Tax Team - International Tax",Deloitte,India / Remote,Accounting and Finance,https://www.themuse.com/jobs/deloitte/tax-senior-internal-tax-team-international-tax,MNC Network,Full Time,1.0,,,General,True,113,6
mnc_21565976,"Lead Forward Deployed Engineer, Frontier GenAI",Deloitte,India / Remote,Software Engineering,https://www.themuse.com/jobs/deloitte/lead-forward-deployed-engineer-frontier-genai,MNC Network,Full Time,1.0,,,"BCA, BTECH, MCA",True,78,6
mnc_20524638,"Senior Consultant, National Federal Tax Services - Transaction & Integration Services (T&IS) - E300",Deloitte,India / Remote,Corporate,https://www.themuse.com/jobs/deloitte/senior-consultant-national-federal-tax-services-transaction-integration-services-tis-e300-a08cc5,MNC Network,Full Time,1.0,,,General,True,90,21
mnc_21585100,Guidewire ClaimCenter Developer,Deloitte,India / Remote,Data and Analytics,https://www.themuse.com/jobs/deloitte/guidewire-claimcenter-developer-fbfbb5,MNC Network,Full Time,1.0,,,"BCA, BTECH, MCA",True,127,21
mnc_21668727,Power and Utilities OT Operational Technology-Senior Consultant,Deloitte,India / Remote,Software Engineering,https://www.themuse.com/jobs/deloitte/power-and-utilities-ot-operational-technologysenior-consultant,MNC Network,Full Time,1.0,,,General,True,140,6
mnc_21654987,Oracle Cloud Finance Manager,Deloitte,India / Remote,Accounting and Finance,https://www.themuse.com/jobs/deloitte/oracle-cloud-finance-manager-fc8b4f,MNC Network,Full Time,1.0,,,General,True,77,15
mnc_17934196,"Consulting, Senior Consultant",Deloitte,India / Remote,Software Engineering,https://www.themuse.com/jobs/deloitte/consulting-senior-consultant-d7b732,MNC Network,Full Time,1.0,,,General,True,193,22
mnc_20524644,"Senior Consultant, National Federal Tax Services, Strategic Tax Review",Deloitte,India / Remote,Corporate,https://www.themuse.com/jobs/deloitte/senior-consultant-national-federal-tax-services-strategic-tax-review-694137,MNC Network,Full Time,1.0,,,General,True,92,6
mnc_17952602,"Consulting, Specialist Master",Deloitte,India / Remote,Software Engineering,https://www.themuse.com/jobs/deloitte/consulting-specialist-master-d583be,MNC Network,Full Time,1.0,,,General,True,109,22
mnc_21645990,"Senior Consultant, Health Insurance - Risk Regulatory & Compliance",Deloitte,India / Remote,Education,https://www.themuse.com/jobs/deloitte/senior-consultant-health-insurance-risk-regulatory-compliance,MNC Network,Full Time,1.0,,,General,True,129,19
mnc_16674416,GPS Lead Security Specialist,Deloitte,India / Remote,Project Management,https://www.themuse.com/jobs/deloitte/gps-lead-security-specialist,MNC Network,Full Time,1.0,,,General,True,149,18
mnc_21654995,"Training Coordinator - TS/SCI w/ Poly - Chantilly, VA",Deloitte,India / Remote,Data and Analytics,https://www.themuse.com/jobs/deloitte/training-coordinator-tssci-w-poly-chantilly-va,MNC Network,Full Time,1.0,,,General,True,137,10
mnc_21227760,Business Intel Reports Developer (TS/SCI w/ Poly Required),Deloitte,India / Remote,Data and Analytics,https://www.themuse.com/jobs/deloitte/business-intel-reports-developer-tssci-w-poly-required,MNC Network,Full Time,1.0,,,"BCA, BTECH, MCA",True,73,12
mnc_16867245,Senior Network Access Engineer - DDI,Deloitte,India / Remote,Software Engineering,https://www.themuse.com/jobs/deloitte/senior-network-access-engineer-ddi-759aac,MNC Network,Full Time,1.0,,,"BCA, BTECH, MCA",True,51,22
mnc_21641076,Washington National Tax - Credits & Incentives (C&I) - Manager,Deloitte,India / Remote,Accounting and Finance,https://www.themuse.com/jobs/deloitte/washington-national-tax-credits-incentives-ci-manager,MNC Network,Full Time,1.0,,,General,True,118,17
mnc_21654999,API Developer with MuleSoft & Traceable,Deloitte,India / Remote,Business Operations,https://www.themuse.com/jobs/deloitte/api-developer-with-mulesoft-traceable,MNC Network,Full Time,1.0,,,"BCA, BTECH, MCA",True,184,23
mnc_18243573,Senior Functional Support - Federal Health,Deloitte,India / Remote,Corporate,https://www.themuse.com/jobs/deloitte/senior-functional-support-federal-health-500441,MNC Network,Full Time,1.0,,,General,True,61,20
mnc_17791015,"Consulting, Manager",Deloitte,India / Remote,Data and Analytics,https://www.themuse.com/jobs/deloitte/consulting-manager-9df0f1,MNC Network,Full Time,1.0,,,General,True,182,10
mnc_21178069,"Finance Transformation, Insurance Consulting - Manager",PwC,India / Remote,Accounting and Finance,https://www.themuse.com/jobs/pwc/finance-transformation-insurance-consulting-manager,MNC Network,Full Time,1.0,,,General,True,190,9
mnc_21647895,Managed Services - Network Field Services Specialist,PwC,India / Remote,Software Engineering,https://www.themuse.com/jobs/pwc/managed-services-network-field-services-specialist,MNC Network,Full Time,1.0,,,General,True,125,7
mnc_21594140,Managed Services - Health PLS R&D - Director,PwC,India / Remote,Sales,https://www.themuse.com/jobs/pwc/managed-services-health-pls-rd-director-1b3d44,MNC Network,Full Time,1.0,,,General,True,142,23
mnc_21471067,Oracle CPQ - Senior Manager,PwC,India / Remote,Education,https://www.themuse.com/jobs/pwc/oracle-cpq-senior-manager-6fc1a1,MNC Network,Full Time,1.0,,,General,True,53,19
mnc_17842964,"Financial Risk & Reg - Tech & Analytics, Senior Manager",PwC,India / Remote,Corporate,https://www.themuse.com/jobs/pwc/financial-risk-reg-tech-analytics-senior-manager-4679c2,MNC Network,Full Time,1.0,,,General,True,113,19
mnc_21637912,Data Strategy-Manager,PwC,India / Remote,Data and Analytics,https://www.themuse.com/jobs/pwc/data-strategymanager,MNC Network,Full Time,1.0,,,"BTECH, MSC, BSC",True,132,17
mnc_21598995,Salesforce Director [Pharma & Life Science],PwC,India / Remote,Science and Engineering,https://www.themuse.com/jobs/pwc/salesforce-director-pharma-life-science-35d357,MNC Network,Full Time,1.0,,,"NON-TECH, BTECH, MSC, BSC",True,71,20
mnc_21374779,Digital Assurance & Transparency - IT Audit Manager,PwC,India / Remote,Computer and IT,https://www.themuse.com/jobs/pwc/digital-assurance-transparency-it-audit-manager-94a7bd,MNC Network,Full Time,1.0,,,General,True,55,20
mnc_17346250,SAP TMO Manager,PwC,India / Remote,Corporate,https://www.themuse.com/jobs/pwc/sap-tmo-manager,MNC Network,Full Time,1.0,,,General,True,107,7
mnc_21284499,Tax Director - Global Information Reporting,PwC,India / Remote,Accounting and Finance,https://www.themuse.com/jobs/pwc/tax-director-global-information-reporting-01064c,MNC Network,Full Time,1.0,,,General,True,81,15
mnc_17656836,Oracle Cloud Finance Consultant - Senior Manager,PwC,India / Remote,Accounting and Finance,https://www.themuse.com/jobs/pwc/oracle-cloud-finance-consultant-senior-manager-4289f0,MNC Network,Full Time,1.0,,,General,True,118,6
mnc_21618440,"Finance Transformation - OneStream Consultant, Senior Associate",PwC,India / Remote,Accounting and Finance,https://www.themuse.com/jobs/pwc/finance-transformation-onestream-consultant-senior-associate,MNC Network,Full Time,1.0,,,General,True,127,13
mnc_21581522,Firmware Engineer_Senior Associate,PwC,India / Remote,Software Engineering,https://www.themuse.com/jobs/pwc/firmware-engineersenior-associate,MNC Network,Full Time,1.0,,,"BCA, BTECH, MCA",True,199,16
mnc_18538748,"Properties, Facilities and Marketing Procurement Manager",PwC,India / Remote,Cleaning and Facilities,https://www.themuse.com/jobs/pwc/properties-facilities-and-marketing-procurement-manager,MNC Network,Full Time,1.0,,,NON-TECH,True,149,9
mnc_21532411,"BSCO - Managed Services, Epic Director",PwC,India / Remote,Business Operations,https://www.themuse.com/jobs/pwc/bsco-managed-services-epic-director,MNC Network,Full Time,1.0,,,BSC,True,87,13
mnc_18264674,MDM Senior Architect-Manager,PwC,India / Remote,Data and Analytics,https://www.themuse.com/jobs/pwc/mdm-senior-architectmanager-aea046,MNC Network,Full Time,1.0,,,General,True,115,12
mnc_21297418,Tax Innovation - Solution Architecture - Senior Manager,PwC,India / Remote,Accounting and Finance,https://www.themuse.com/jobs/pwc/tax-innovation-solution-architecture-senior-manager,MNC Network,Full Time,1.0,,,General,True,189,12
mnc_21581521,Partner Tax Preparation Advisor Senior Manager,PwC,India / Remote,Accounting and Finance,https://www.themuse.com/jobs/pwc/partner-tax-preparation-advisor-senior-manager-1ed44b,MNC Network,Full Time,1.0,,,General,True,60,18
mnc_17640414,FS Transformation Capital Markets Consultant - Senior Associate,PwC,India / Remote,Human Resources and Recruitment,https://www.themuse.com/jobs/pwc/fs-transformation-capital-markets-consultant-senior-associate-260e2a,MNC Network,Full Time,1.0,,,General,True,170,23
mnc_21637895,Tax Innovation - Product Management - Experienced Associate,PwC,India / Remote,Design and UX,https://www.themuse.com/jobs/pwc/tax-innovation-product-management-experienced-associate,MNC Network,Full Time,1.0,,,General,True,61,22
arbeitnow_senior-full-stack-kotlin-engineer-station-management-inventory-berlin-152257,Senior Full-Stack Kotlin Engineer (m/f/d) - Station Management & Inventory,Flix,"Berlin, Berlin, Germany",Technology,https://www.arbeitnow.com/jobs/companies/flix/senior-full-stack-kotlin-engineer-station-management-inventory-berlin-152257,Arbeitnow,Full-time,,2026-05-08,Negotiable,"BCA, BTECH, MCA",False,46,4
arbeitnow_senior-product-manager-germany-306674,Senior Product Manager,Gradle Technologies,Germany,Technology,https://www.arbeitnow.com/jobs/companies/gradle-technologies/senior-product-manager-germany-306674,Arbeitnow,Full-time,,2026-05-08,Negotiable,General,False,39,7
arbeitnow_senior-cloud-software-engineer-typescript-aws-hamburg-431856,Senior Cloud Software Engineer (TypeScript & AWS) (m/w/d),vOffice Software,Hamburg,Technology,https://www.arbeitnow.com/jobs/companies/voffice-software/senior-cloud-software-engineer-typescript-aws-hamburg-431856,Arbeitnow,Remote,,2026-05-08,Negotiable,"BCA, BTECH, MCA",False,13,7
arbeitnow_risk-controller-regulatory-reporting-corep-crr-munich-419592,"Risk Controller Regulatory Reporting (COREP, CRR)",coni+partner AG,Munich,Technology,https://www.arbeitnow.com/jobs/companies/conipartner-ag/risk-controller-regulatory-reporting-corep-crr-munich-419592,Arbeitnow,Full-time,,2026-05-08,Negotiable,General,False,38,3
arbeitnow_operations-manager-marketplace-manager-e-commerce-30-stunden-schwarzach-am-main-hybrid-42204,Operations Manager / Marketplace Manager (m/w/d) E-Commerce | 30 Stunden | Schwarzach am Main / Hybrid,Powershop4U GmbH,Schwarzach am Main,Technology,https://www.arbeitnow.com/jobs/companies/powershop4u-gmbh/operations-manager-marketplace-manager-e-commerce-30-stunden-schwarzach-am-main-hybrid-42204,Arbeitnow,Full-time,,2026-05-08,Negotiable,General,False,23,7
arbeitnow_fachinformatiker-systemintegration-systemadministrator-wittlich-472287,Fachinformatiker Systemintegration / Systemadministrator (m/w/d),IT Fabrik Systemhaus GmbH u. Co.KG,Wittlich,Technology,https://www.arbeitnow.com/jobs/companies/it-fabrik-systemhaus-gmbh-u-cokg/fachinformatiker-systemintegration-systemadministrator-wittlich-472287,Arbeitnow,Full-time,,2026-05-08,Negotiable,General,False,43,4
arbeitnow_werkstudent-social-commerce-manager-tiktok-shop-berlin-125070,Werkstudent Social Commerce Manager - TikTok Shop ( m/w/d),Sportstech Brands Holding GmbH,Berlin,Technology,https://www.arbeitnow.com/jobs/companies/sportstech-brands-holding-gmbh/werkstudent-social-commerce-manager-tiktok-shop-berlin-125070,Arbeitnow,Full-time,,2026-05-08,Negotiable,General,False,10,3
arbeitnow_teamlead-it-service-innovation-dusseldorf-194916,Teamlead IT-Service & Innovation (m/w/d),Hochschul-IT-Services.nrw,Düsseldorf,Technology,https://www.arbeitnow.com/jobs/companies/hochschul-it-servicesnrw/teamlead-it-service-innovation-dusseldorf-194916,Arbeitnow,Full-time,,2026-05-08,Negotiable,General,False,16,6
arbeitnow_junior-business-automation-manager-schwerpunkt-ki-prozessoptimierung-berlin-440183,Junior Business Automation Manager (m/w/d) – Schwerpunkt KI & Prozessoptimierung,Sportstech Brands Holding GmbH,Berlin,Technology,https://www.arbeitnow.com/jobs/companies/sportstech-brands-holding-gmbh/junior-business-automation-manager-schwerpunkt-ki-prozessoptimierung-berlin-440183,Arbeitnow,Full-time,,2026-05-08,Negotiable,General,False,38,3
arbeitnow_account-manager-managed-services-kritis-leipzig-312884,Account Manager (m/w/d) Managed Services - KRITIS,EWERK GROUP,Leipzig,Technology,https://www.arbeitnow.com/jobs/companies/ewerk-group/account-manager-managed-services-kritis-leipzig-312884,Arbeitnow,Full-time,,2026-05-08,Negotiable,General,False,43,6
arbeitnow_ui-designer-munich-107390,UI Designer (m/w/d),COBE,Munich,Technology,https://www.arbeitnow.com/jobs/companies/cobe/ui-designer-munich-107390,Arbeitnow,Full-time,,2026-05-08,Negotiable,General,False,31,5
arbeitnow_mitarbeiter-fur-die-stammdatenpflege-bocholt-274000,Mitarbeiter für die Stammdatenpflege (m/w/d),reboVet Veterinär-Fachgroßhandel GmbH und Co. KG,Bocholt,Technology,https://www.arbeitnow.com/jobs/companies/rebovet-veterinar-fachgrosshandel-gmbh-und-co-kg/mitarbeiter-fur-die-stammdatenpflege-bocholt-274000,Arbeitnow,Full-time,,2026-05-08,Negotiable,General,False,17,3
arbeitnow_fachinformatiker-systemintegration-systemadministrator-trier-196882,Fachinformatiker Systemintegration / Systemadministrator (m/w/d),IT Fabrik Systemhaus GmbH u. Co.KG,Trier,Technology,https://www.arbeitnow.com/jobs/companies/it-fabrik-systemhaus-gmbh-u-cokg/fachinformatiker-systemintegration-systemadministrator-trier-196882,Arbeitnow,Full-time,,2026-05-08,Negotiable,General,False,24,5
arbeitnow_fachinformatiker-systemintegration-systemadministrator-bitburg-429622,Fachinformatiker Systemintegration / Systemadministrator (m/w/d),IT Fabrik Systemhaus GmbH u. Co.KG,Bitburg,Technology,https://www.arbeitnow.com/jobs/companies/it-fabrik-systemhaus-gmbh-u-cokg/fachinformatiker-systemintegration-systemadministrator-bitburg-429622,Arbeitnow,Full-time,,2026-05-08,Negotiable,General,False,18,4
arbeitnow_auszubildende-fachinformatiker-systemintegration-bitburg-244631,Auszubildende Fachinformatiker Systemintegration (m/w/d),IT Fabrik Systemhaus GmbH u. Co.KG,Bitburg,Technology,https://www.arbeitnow.com/jobs/companies/it-fabrik-systemhaus-gmbh-u-cokg/auszubildende-fachinformatiker-systemintegration-bitburg-244631,Arbeitnow,Full-time,,2026-05-08,Negotiable,General,False,5,3
arbeitnow_ki-entwickler-innovation-specialist-bitburg-120971,KI-Entwickler & Innovation Specialist (m/w/d),IT Fabrik Systemhaus GmbH u. Co.KG,Bitburg,Technology,https://www.arbeitnow.com/jobs/companies/it-fabrik-systemhaus-gmbh-u-cokg/ki-entwickler-innovation-specialist-bitburg-120971,Arbeitnow,Full-time,,2026-05-08,Negotiable,General,False,20,6
arbeitnow_cluster-revenue-manager-cologne-142834,Cluster Revenue Manager (m/w/d),Event Hotels,Cologne,Technology,https://www.arbeitnow.com/jobs/companies/event-hotels/cluster-revenue-manager-cologne-142834,Arbeitnow,Full-time,,2026-05-08,Negotiable,General,False,43,7
arbeitnow_founders-associate-intern-munich-189457,Founder's Associate Intern,Doctario GmbH,Munich,Technology,https://www.arbeitnow.com/jobs/companies/doctario-gmbh/founders-associate-intern-munich-189457,Arbeitnow,Full-time,,2026-05-08,Negotiable,General,False,42,3
arbeitnow_devops-engineer-brandenburg-487435,DevOps-Engineer (m/w/d),IT42morrow IFT GmbH,Brandenburg,Technology,https://www.arbeitnow.com/jobs/companies/it42morrow-ift-gmbh/devops-engineer-brandenburg-487435,Arbeitnow,Remote,,2026-05-08,Negotiable,"BCA, BTECH, MCA",False,20,7
arbeitnow_fullstack-entwickler-java-frankfurt-am-main-24693,Fullstack-Entwickler Java (m/w/d),IT42morrow IFT GmbH,Frankfurt am Main,Technology,https://www.arbeitnow.com/jobs/companies/it42morrow-ift-gmbh/fullstack-entwickler-java-frankfurt-am-main-24693,Arbeitnow,Full-time,,2026-05-08,Negotiable,General,False,30,3
arbeitnow_staff-mobile-engineer-all-genders-berlin-153853,Staff Mobile Engineer (all genders),Urban Sports Club,"Berlin, Berlin, Deutschland",Technology,https://www.arbeitnow.com/jobs/companies/urban-sports-club/staff-mobile-engineer-all-genders-berlin-153853,Arbeitnow,Full-time,,2026-05-08,Negotiable,"BCA, BTECH, MCA",False,36,5
arbeitnow_senior-recruiter-flixtrain-berlin-450789,Senior Recruiter (m/f/d) – FlixTrain,Flix,"Berlin, Berlin, Germany",Technology,https://www.arbeitnow.com/jobs/companies/flix/senior-recruiter-flixtrain-berlin-450789,Arbeitnow,Full-time,,2026-05-08,Negotiable,General,False,15,6
arbeitnow_senior-software-engineer-typescript-nestjs-nodejs-berlin-82074,"Senior Software Engineer (TypeScript, NestJS/Node.js) (m/f/x)",Atolls,"Berlin, Berlin, Germany",Technology,https://www.arbeitnow.com/jobs/companies/atolls/senior-software-engineer-typescript-nestjs-nodejs-berlin-82074,Arbeitnow,Full-time,,2026-05-08,Negotiable,"BCA, BTECH, MCA",False,5,7
arbeitnow_marketing-manager-brand-content-munich-226274,Marketing Manager (w/m/d) Brand & Content,Skalar,Munich,Technology,https://www.arbeitnow.com/jobs/companies/skalar/marketing-manager-brand-content-munich-226274,Arbeitnow,Full-time,,2026-05-08,Negotiable,NON-TECH,False,6,4
arbeitnow_senior-ux-ui-designer-berlin-470202,Senior UX/UI Designer (d/w/m),Rulemapping Group GmbH,Berlin,Technology,https://www.arbeitnow.com/jobs/companies/rulemapping-group-gmbh/senior-ux-ui-designer-berlin-470202,Arbeitnow,Full-time,,2026-05-08,Negotiable,General,False,46,7
arbeitnow_academy-manager-berlin-253787,Academy Manager (d/w/m),Rulemapping Group GmbH,Berlin,Technology,https://www.arbeitnow.com/jobs/companies/rulemapping-group-gmbh/academy-manager-berlin-253787,Arbeitnow,Full-time,,2026-05-08,Negotiable,General,False,39,4
arbeitnow_automation-engineer-all-levels-berlin-136643,Automation Engineer (all levels) (d/w/m),Rulemapping Group GmbH,Berlin,Technology,https://www.arbeitnow.com/jobs/companies/rulemapping-group-gmbh/automation-engineer-all-levels-berlin-136643,Arbeitnow,Full-time,,2026-05-08,Negotiable,"BCA, BTECH, MCA",False,17,7
arbeitnow_senior-b2b-strategy-consultant-dusseldorf-21681,(Senior) B2B Strategy Consultant (m/w/d),inboundfriends,Düsseldorf,Technology,https://www.arbeitnow.com/jobs/companies/inboundfriends/senior-b2b-strategy-consultant-dusseldorf-21681,Arbeitnow,Full-time,,2026-05-08,Negotiable,General,False,48,4
arbeitnow_junior-hr-manager-schwerpunkt-recruiting-munich-125313,(Junior) HR Manager (m/w/d) - Schwerpunkt Recruiting,MY Humancapital GmbH,Munich,Technology,https://www.arbeitnow.com/jobs/companies/my-humancapital-gmbh/junior-hr-manager-schwerpunkt-recruiting-munich-125313,Arbeitnow,Full-time,,2026-05-08,Negotiable,NON-TECH,False,20,3
arbeitnow_system-engineer-requirements-systemarchitektur-munich-451365,System Engineer Requirements & Systemarchitektur (m/w/d),MY Humancapital GmbH,Munich,Technology,https://www.arbeitnow.com/jobs/companies/my-humancapital-gmbh/system-engineer-requirements-systemarchitektur-munich-451365,Arbeitnow,Full-time,,2026-05-08,Negotiable,"BCA, BTECH, MCA",False,43,5
arbeitnow_projektassistenz-projektkoordination-munich-427215,Projektassistenz (m/w/d) - Projektkoordination,MY Humancapital GmbH,Munich,Technology,https://www.arbeitnow.com/jobs/companies/my-humancapital-gmbh/projektassistenz-projektkoordination-munich-427215,Arbeitnow,Full-time,,2026-05-08,Negotiable,General,False,25,7
arbeitnow_technischer-objektverwalter-stuttgart-198247,Technischer Objektverwalter (m/w/d),MY Humancapital GmbH,Stuttgart,Technology,https://www.arbeitnow.com/jobs/companies/my-humancapital-gmbh/technischer-objektverwalter-stuttgart-198247,Arbeitnow,Full-time,,2026-05-08,Negotiable,General,False,29,6
arbeitnow_technischer-property-manager-munich-415031,Technischer Property Manager (m/w/d),MY Humancapital GmbH,Munich,Technology,https://www.arbeitnow.com/jobs/companies/my-humancapital-gmbh/technischer-property-manager-munich-415031,Arbeitnow,Full-time,,2026-05-08,Negotiable,General,False,23,3
arbeitnow_objektverwalter-facility-management-munich-167411,Objektverwalter Facility Management (m/w/d),MY Humancapital GmbH,Munich,Technology,https://www.arbeitnow.com/jobs/companies/my-humancapital-gmbh/objektverwalter-facility-management-munich-167411,Arbeitnow,Full-time,,2026-05-08,Negotiable,General,False,46,5
arbeitnow_referent-projektfinanzen-munich-202523,Referent Projektfinanzen (m/w/d),MY Humancapital GmbH,Munich,Technology,https://www.arbeitnow.com/jobs/companies/my-humancapital-gmbh/referent-projektfinanzen-munich-202523,Arbeitnow,Full-time,,2026-05-08,Negotiable,General,False,44,7
arbeitnow_projektcontroller-munich-175070,Projektcontroller (m/w/d),MY Humancapital GmbH,Munich,Technology,https://www.arbeitnow.com/jobs/companies/my-humancapital-gmbh/projektcontroller-munich-175070,Arbeitnow,Full-time,,2026-05-08,Negotiable,General,False,46,4
arbeitnow_software-tester-testautomatisierung-munich-60196,Software Tester Testautomatisierung (m/w/d),MY Humancapital GmbH,Munich,Technology,https://www.arbeitnow.com/jobs/companies/my-humancapital-gmbh/software-tester-testautomatisierung-munich-60196,Arbeitnow,Full-time,,2026-05-08,Negotiable,"BCA, BTECH, MCA",False,22,4
arbeitnow_software-tester-simulation-training-munich-363435,Software Tester - Simulation & Training (m/w/d),MY Humancapital GmbH,Munich,Technology,https://www.arbeitnow.com/jobs/companies/my-humancapital-gmbh/software-tester-simulation-training-munich-363435,Arbeitnow,Full-time,,2026-05-08,Negotiable,"BCA, BTECH, MCA",False,39,3
arbeitnow_messtechniker-kalibriertechniker-munich-8149,Messtechniker / Kalibriertechniker (m/w/d),MY Humancapital GmbH,Munich,Technology,https://www.arbeitnow.com/jobs/companies/my-humancapital-gmbh/messtechniker-kalibriertechniker-munich-8149,Arbeitnow,Full-time,,2026-05-08,Negotiable,General,False,30,5
arbeitnow_spezialist-drittmittelprufung-munich-464570,Spezialist (m/w/d) - Drittmittelprüfung,MY Humancapital GmbH,Munich,Technology,https://www.arbeitnow.com/jobs/companies/my-humancapital-gmbh/spezialist-drittmittelprufung-munich-464570,Arbeitnow,Full-time,,2026-05-08,Negotiable,General,False,49,5
arbeitnow_projektmanager-sanierung-munich-449188,Projektmanager (m/w/d) Sanierung,MY Humancapital GmbH,Munich,Technology,https://www.arbeitnow.com/jobs/companies/my-humancapital-gmbh/projektmanager-sanierung-munich-449188,Arbeitnow,Full-time,,2026-05-08,Negotiable,General,False,27,3
arbeitnow_debitorenbuchhalter-grafelfing-157882,Debitorenbuchhalter (m/w/d),MY Humancapital GmbH,Gräfelfing,Technology,https://www.arbeitnow.com/jobs/companies/my-humancapital-gmbh/debitorenbuchhalter-grafelfing-157882,Arbeitnow,Full-time,,2026-05-08,Negotiable,General,False,18,6
arbeitnow_controller-riskmanagement-im-bankenwesen-frankfurt-am-main-118911,Controller (m/w/d) - Riskmanagement im Bankenwesen,MY Humancapital GmbH,Frankfurt am Main,Technology,https://www.arbeitnow.com/jobs/companies/my-humancapital-gmbh/controller-riskmanagement-im-bankenwesen-frankfurt-am-main-118911,Arbeitnow,Full-time,,2026-05-08,Negotiable,General,False,46,3
arbeitnow_it-support-specialist-2nd-level-munich-129156,IT Support Specialist (m/w/d) - 2nd Level,MY Humancapital GmbH,Munich,Technology,https://www.arbeitnow.com/jobs/companies/my-humancapital-gmbh/it-support-specialist-2nd-level-munich-129156,Arbeitnow,Full-time,,2026-05-08,Negotiable,General,False,43,5
arbeitnow_systemingenieur-anforderungsmanagement-munich-329820,Systemingenieur (m/w/d) - Anforderungsmanagement,MY Humancapital GmbH,Munich,Technology,https://www.arbeitnow.com/jobs/companies/my-humancapital-gmbh/systemingenieur-anforderungsmanagement-munich-329820,Arbeitnow,Full-time,,2026-05-08,Negotiable,General,False,42,7
arbeitnow_sachbearbeiter-auftragsabrechnung-munich-456007,Sachbearbeiter (m/w/d) - Auftragsabrechnung,MY Humancapital GmbH,Munich,Technology,https://www.arbeitnow.com/jobs/companies/my-humancapital-gmbh/sachbearbeiter-auftragsabrechnung-munich-456007,Arbeitnow,Full-time,,2026-05-08,Negotiable,General,False,35,6
arbeitnow_fachkraft-fur-arbeitssicherheit-sicherheitsingenieur-dresden-461554,Fachkraft für Arbeitssicherheit / Sicherheitsingenieur (m/w/d),MY Humancapital GmbH,Dresden,Technology,https://www.arbeitnow.com/jobs/companies/my-humancapital-gmbh/fachkraft-fur-arbeitssicherheit-sicherheitsingenieur-dresden-461554,Arbeitnow,Full-time,,2026-05-08,Negotiable,General,False,28,3
arbeitnow_sachbearbeiter-forderungsmanagement-munich-442543,Sachbearbeiter Forderungsmanagement (m/w/d),MY Humancapital GmbH,Munich,Technology,https://www.arbeitnow.com/jobs/companies/my-humancapital-gmbh/sachbearbeiter-forderungsmanagement-munich-442543,Arbeitnow,Full-time,,2026-05-08,Negotiable,General,False,40,6
arbeitnow_strategischer-projektentwickler-erfurt-68707,Strategischer Projektentwickler (m/w/d),MY Humancapital GmbH,Erfurt,Technology,https://www.arbeitnow.com/jobs/companies/my-humancapital-gmbh/strategischer-projektentwickler-erfurt-68707,Arbeitnow,Full-time,,2026-05-08,Negotiable,General,False,32,5
arbeitnow_linux-systemadministrator-dresden-181328,Linux Systemadministrator (m/w/d),MY Humancapital GmbH,Dresden,Technology,https://www.arbeitnow.com/jobs/companies/my-humancapital-gmbh/linux-systemadministrator-dresden-181328,Arbeitnow,Full-time,,2026-05-08,Negotiable,General,False,30,4
arbeitnow_sachbearbeiter-finanzen-verwaltungsfachkraft-munich-429929,Sachbearbeiter Finanzen / Verwaltungsfachkraft (m/w/d),MY Humancapital GmbH,Munich,Technology,https://www.arbeitnow.com/jobs/companies/my-humancapital-gmbh/sachbearbeiter-finanzen-verwaltungsfachkraft-munich-429929,Arbeitnow,Full-time,,2026-05-08,Negotiable,General,False,40,4
arbeitnow_konfigurationsmanager-produktkoordinator-munich-325734,Konfigurationsmanager / Produktkoordinator (m/w/d),MY Humancapital GmbH,Munich,Technology,https://www.arbeitnow.com/jobs/companies/my-humancapital-gmbh/konfigurationsmanager-produktkoordinator-munich-325734,Arbeitnow,Full-time,,2026-05-08,Negotiable,General,False,43,7
arbeitnow_supplier-quality-engineer-munich-491907,Supplier Quality Engineer (m/w/d),MY Humancapital GmbH,Munich,Technology,https://www.arbeitnow.com/jobs/companies/my-humancapital-gmbh/supplier-quality-engineer-munich-491907,Arbeitnow,Full-time,,2026-05-08,Negotiable,"BCA, BTECH, MCA",False,22,7
arbeitnow_senior-systemadministrator-it-infrastruktur-hamburg-74466,Senior Systemadministrator (m/w/d) IT-Infrastruktur,MY Humancapital GmbH,Hamburg,Technology,https://www.arbeitnow.com/jobs/companies/my-humancapital-gmbh/senior-systemadministrator-it-infrastruktur-hamburg-74466,Arbeitnow,Full-time,,2026-05-08,Negotiable,General,False,14,5
arbeitnow_devsecops-it-security-specialist-augsburg-132487,DevSecOps / IT Security Specialist (m/w/d),MY Humancapital GmbH,Augsburg,Technology,https://www.arbeitnow.com/jobs/companies/my-humancapital-gmbh/devsecops-it-security-specialist-augsburg-132487,Arbeitnow,Full-time,,2026-05-08,Negotiable,General,False,30,5
arbeitnow_verwaltungsfachwirt-sachbearbeiter-finanzwesen-munich-363218,Verwaltungsfachwirt / Sachbearbeiter Finanzwesen (m/w/d),MY Humancapital GmbH,Munich,Technology,https://www.arbeitnow.com/jobs/companies/my-humancapital-gmbh/verwaltungsfachwirt-sachbearbeiter-finanzwesen-munich-363218,Arbeitnow,Full-time,,2026-05-08,Negotiable,General,False,7,4
arbeitnow_systemadministrator-munich-488793,Systemadministrator (m/w/d),MY Humancapital GmbH,Munich,Technology,https://www.arbeitnow.com/jobs/companies/my-humancapital-gmbh/systemadministrator-munich-488793,Arbeitnow,Full-time,,2026-05-08,Negotiable,General,False,34,6
arbeitnow_it-support-specialist-it-systemadministrator-munich-382052,IT Support Specialist / IT Systemadministrator (m/w/d),MY Humancapital GmbH,Munich,Technology,https://www.arbeitnow.com/jobs/companies/my-humancapital-gmbh/it-support-specialist-it-systemadministrator-munich-382052,Arbeitnow,Full-time,,2026-05-08,Negotiable,General,False,23,5
arbeitnow_techniker-systemintegration-mechatronik-munich-497010,Techniker Systemintegration / Mechatronik (m/w/d),MY Humancapital GmbH,Munich,Technology,https://www.arbeitnow.com/jobs/companies/my-humancapital-gmbh/techniker-systemintegration-mechatronik-munich-497010,Arbeitnow,Full-time,,2026-05-08,Negotiable,General,False,40,7
arbeitnow_vertriebscontroller-im-bankenumfeld-munich-26992,Vertriebscontroller im Bankenumfeld (m/w/d),MY Humancapital GmbH,Munich,Technology,https://www.arbeitnow.com/jobs/companies/my-humancapital-gmbh/vertriebscontroller-im-bankenumfeld-munich-26992,Arbeitnow,Full-time,,2026-05-08,Negotiable,BSC,False,6,6
arbeitnow_materialdisponent-logistik-koordinator-munich-350240,Materialdisponent / Logistik-Koordinator (m/w/d),MY Humancapital GmbH,Munich,Technology,https://www.arbeitnow.com/jobs/companies/my-humancapital-gmbh/materialdisponent-logistik-koordinator-munich-350240,Arbeitnow,Full-time,,2026-05-08,Negotiable,General,False,33,6
arbeitnow_privatkundenbetreuer-bad-tolz-132511,Privatkundenbetreuer (m/w/d),MY Humancapital GmbH,Bad Tölz,Technology,https://www.arbeitnow.com/jobs/companies/my-humancapital-gmbh/privatkundenbetreuer-bad-tolz-132511,Arbeitnow,Full-time,,2026-05-08,Negotiable,General,False,24,3
arbeitnow_bankkaufmann-kundenberater-munich-225923,Bankkaufmann / Kundenberater (m/w/d),MY Humancapital GmbH,Munich,Technology,https://www.arbeitnow.com/jobs/companies/my-humancapital-gmbh/bankkaufmann-kundenberater-munich-225923,Arbeitnow,Full-time,,2026-05-08,Negotiable,General,False,9,7
arbeitnow_kundenberater-private-banking-munich-166872,Kundenberater Private Banking (m/w/d),MY Humancapital GmbH,Munich,Technology,https://www.arbeitnow.com/jobs/companies/my-humancapital-gmbh/kundenberater-private-banking-munich-166872,Arbeitnow,Full-time,,2026-05-08,Negotiable,NON-TECH,False,12,3
arbeitnow_it-administrator-munich-492177,IT Administrator (m/w/d),MY Humancapital GmbH,Munich,Technology,https://www.arbeitnow.com/jobs/companies/my-humancapital-gmbh/it-administrator-munich-492177,Arbeitnow,Full-time,,2026-05-08,Negotiable,General,False,46,7
arbeitnow_debitorenbuchhalter-munich-439493,Debitorenbuchhalter (m/w/d),MY Humancapital GmbH,Munich,Technology,https://www.arbeitnow.com/jobs/companies/my-humancapital-gmbh/debitorenbuchhalter-munich-439493,Arbeitnow,Full-time,,2026-05-08,Negotiable,General,False,17,6
arbeitnow_betriebskostenabrechner-munich-32934,Betriebskostenabrechner (m/w/d),MY Humancapital GmbH,Munich,Technology,https://www.arbeitnow.com/jobs/companies/my-humancapital-gmbh/betriebskostenabrechner-munich-32934,Arbeitnow,Full-time,,2026-05-08,Negotiable,General,False,20,7
arbeitnow_social-media-community-manager-all-genders-berlin-216122,Social Media & Community Manager (all genders),mammaly,Berlin,Technology,https://www.arbeitnow.com/jobs/companies/mammaly/social-media-community-manager-all-genders-berlin-216122,Arbeitnow,Full-time,,2026-05-08,Negotiable,General,False,5,4
arbeitnow_senior-customer-success-manager-founding-role-munich-49796,Senior Customer Success Manager - Founding Role,Depotcharge,Munich,Technology,https://www.arbeitnow.com/jobs/companies/depotcharge/senior-customer-success-manager-founding-role-munich-49796,Arbeitnow,Full-time,,2026-05-08,Negotiable,General,False,23,4
arbeitnow_head-of-operational-excellence-bei-osypka-gmbh-rheinfelden-492497,Head of Operational Excellence bei Osypka GmbH,Freiburg Institut,Rheinfelden,Technology,https://www.arbeitnow.com/jobs/companies/freiburg-institut/head-of-operational-excellence-bei-osypka-gmbh-rheinfelden-492497,Arbeitnow,Full-time,,2026-05-08,Negotiable,General,False,35,3
arbeitnow_seo-marketing-manager-in-koln-cologne-343661,SEO Marketing Manager (m/f/x) in Köln,konfetti GmbH,Cologne,Technology,https://www.arbeitnow.com/jobs/companies/konfetti-gmbh/seo-marketing-manager-in-koln-cologne-343661,Arbeitnow,Full-time,,2026-05-08,Negotiable,NON-TECH,False,16,7
arbeitnow_marketing-manager-in-koln-cologne-220592,Marketing Manager (m/f/x) in Köln,konfetti GmbH,Cologne,Technology,https://www.arbeitnow.com/jobs/companies/konfetti-gmbh/marketing-manager-in-koln-cologne-220592,Arbeitnow,Full-time,,2026-05-08,Negotiable,NON-TECH,False,45,7
arbeitnow_senior-product-manager-connectivity-all-genders-berlin-173648,Senior Product Manager – Connectivity (all genders),GIATA GmbH,Berlin,Technology,https://www.arbeitnow.com/jobs/companies/giata-gmbh/senior-product-manager-connectivity-all-genders-berlin-173648,Arbeitnow,Full-time,,2026-05-08,Negotiable,General,False,43,6
arbeitnow_visiting-investment-analyst-berlin-186064,Visiting Investment Analyst,P3A,Berlin,Technology,https://www.arbeitnow.com/jobs/companies/p3a/visiting-investment-analyst-berlin-186064,Arbeitnow,Full-time,,2026-05-08,Negotiable,"BTECH, MSC, BSC",False,22,3
arbeitnow_senior-associate-fixed-income-index-management-frankfurt-am-main-410038,Senior Associate (m/f/d) Fixed Income Index Management,Solactive AG,Frankfurt am Main,Technology,https://www.arbeitnow.com/jobs/companies/solactive-ag/senior-associate-fixed-income-index-management-frankfurt-am-main-410038,Arbeitnow,Full-time,,2026-05-08,Negotiable,General,False,32,3
arbeitnow_senior-consultant-sap-hcm-hr-schwerpunkt-pt-oder-py-heidelberg-366913,Senior Consultant SAP HCM/HR Schwerpunkt PT oder PY (m/w/d),cbs Corporate Business Solutions GmbH,Heidelberg,Technology,https://www.arbeitnow.com/jobs/companies/cbs-corporate-business-solutions-gmbh/senior-consultant-sap-hcm-hr-schwerpunkt-pt-oder-py-heidelberg-366913,Arbeitnow,Full-time,,2026-05-08,Negotiable,NON-TECH,False,23,7
arbeitnow_senior-sap-successfactors-consultant-compensation-performance-goals-heidelberg-145616,(Senior) SAP SuccessFactors Consultant – Compensation / Performance & Goals (m/w/d),cbs Corporate Business Solutions GmbH,Heidelberg,Technology,https://www.arbeitnow.com/jobs/companies/cbs-corporate-business-solutions-gmbh/senior-sap-successfactors-consultant-compensation-performance-goals-heidelberg-145616,Arbeitnow,Full-time,,2026-05-08,Negotiable,General,False,27,6
arbeitnow_senior-sap-successfactors-consultant-onboarding-heidelberg-144549,(Senior) SAP SuccessFactors Consultant – Onboarding (m/w/d),cbs Corporate Business Solutions GmbH,Heidelberg,Technology,https://www.arbeitnow.com/jobs/companies/cbs-corporate-business-solutions-gmbh/senior-sap-successfactors-consultant-onboarding-heidelberg-144549,Arbeitnow,Full-time,,2026-05-08,Negotiable,General,False,49,6
arbeitnow_hr-business-architect-successfactors-heidelberg-372777,HR Business Architect – SuccessFactors (m/w/d),cbs Corporate Business Solutions GmbH,Heidelberg,Technology,https://www.arbeitnow.com/jobs/companies/cbs-corporate-business-solutions-gmbh/hr-business-architect-successfactors-heidelberg-372777,Arbeitnow,Full-time,,2026-05-08,Negotiable,NON-TECH,False,14,5
arbeitnow_senior-sap-successfactors-consultant-employee-central-mit-schwerpunkt-integration-heidelberg-315647,(Senior) SAP SuccessFactors Consultant – Employee Central mit Schwerpunkt Integration (m/w/d),cbs Corporate Business Solutions GmbH,Heidelberg,Technology,https://www.arbeitnow.com/jobs/companies/cbs-corporate-business-solutions-gmbh/senior-sap-successfactors-consultant-employee-central-mit-schwerpunkt-integration-heidelberg-315647,Arbeitnow,Full-time,,2026-05-08,Negotiable,General,False,12,5
arbeitnow_senior-consultant-sap-successfactors-employee-central-munchen-420823,(Senior) Consultant SAP SuccessFactors – Employee Central (m/w/d),cbs Corporate Business Solutions GmbH,München,Technology,https://www.arbeitnow.com/jobs/companies/cbs-corporate-business-solutions-gmbh/senior-consultant-sap-successfactors-employee-central-munchen-420823,Arbeitnow,Full-time,,2026-05-08,Negotiable,General,False,17,3
arbeitnow_senior-sap-successfactors-consultant-all-genders-employee-central-ec-payroll-heidelberg-316751,(Senior) SAP SuccessFactors Consultant (all genders) - Employee Central (EC) Payroll (m/w/d),cbs Corporate Business Solutions GmbH,Heidelberg,Technology,https://www.arbeitnow.com/jobs/companies/cbs-corporate-business-solutions-gmbh/senior-sap-successfactors-consultant-all-genders-employee-central-ec-payroll-heidelberg-316751,Arbeitnow,Full-time,,2026-05-08,Negotiable,General,False,14,5
arbeitnow_senior-sap-successfactors-consultant-learning-heidelberg-309700,(Senior) SAP SuccessFactors Consultant – Learning (m/w/d),cbs Corporate Business Solutions GmbH,Heidelberg,Technology,https://www.arbeitnow.com/jobs/companies/cbs-corporate-business-solutions-gmbh/senior-sap-successfactors-consultant-learning-heidelberg-309700,Arbeitnow,Full-time,,2026-05-08,Negotiable,General,False,46,3
arbeitnow_solution-architect-sap-successfactors-heidelberg-98186,Solution Architect SAP SuccessFactors (m/w/d),cbs Corporate Business Solutions GmbH,Heidelberg,Technology,https://www.arbeitnow.com/jobs/companies/cbs-corporate-business-solutions-gmbh/solution-architect-sap-successfactors-heidelberg-98186,Arbeitnow,Full-time,,2026-05-08,Negotiable,General,False,37,5
arbeitnow_head-of-marketing-growth-munster-170521,Head of Marketing & Growth (m/w/d),syte GmbH,Münster,Technology,https://www.arbeitnow.com/jobs/companies/syte-gmbh/head-of-marketing-growth-munster-170521,Arbeitnow,Remote,,2026-05-08,Negotiable,NON-TECH,False,27,6
arbeitnow_it-support-engineer-munich-based-447760,IT Support Engineer - Munich Based,Bragi,Munich,Technology,https://www.arbeitnow.com/jobs/companies/bragi/it-support-engineer-munich-based-447760,Arbeitnow,Full-time,,2026-05-08,Negotiable,"BCA, BTECH, MCA",False,5,3
arbeitnow_senior-cloud-solutions-architect-wiesbaden-244531,Senior Cloud Solutions Architect (m/w/d),AOE Solutions GmbH,Wiesbaden,Technology,https://www.arbeitnow.com/jobs/companies/aoe-solutions-gmbh/senior-cloud-solutions-architect-wiesbaden-244531,Arbeitnow,Remote,,2026-05-08,Negotiable,General,False,49,5
arbeitnow_servicenow-architect-1423-wiesbaden-263237,ServiceNow Architect (m/w/d) - 1423,ITconfig/all GmbH,Wiesbaden,Technology,https://www.arbeitnow.com/jobs/companies/itconfigall-gmbh/servicenow-architect-1423-wiesbaden-263237,Arbeitnow,Remote,,2026-05-08,Negotiable,General,False,25,5
arbeitnow_itsm-process-owner-manager-1422-wiesbaden-164830,ITSM Process Owner & Manager (m/w/d) - 1422,ITconfig/all GmbH,Wiesbaden,Technology,https://www.arbeitnow.com/jobs/companies/itconfigall-gmbh/itsm-process-owner-manager-1422-wiesbaden-164830,Arbeitnow,Remote,,2026-05-08,Negotiable,General,False,47,7
arbeitnow_senior-backend-engineer-ror-all-identities-berlin-7147,Senior Backend Engineer RoR (all identities),Caspar Health,Berlin,Technology,https://www.arbeitnow.com/jobs/companies/caspar-health/senior-backend-engineer-ror-all-identities-berlin-7147,Arbeitnow,Remote,,2026-05-08,Negotiable,"BCA, BTECH, MCA",False,29,3
arbeitnow_platform-data-engineer-full-time-100-remote-karlsruhe-472053,Platform & Data Engineer Full-time · 100% Remote,neoBIM GmbH,Karlsruhe,Technology,https://www.arbeitnow.com/jobs/companies/neobim-gmbh/platform-data-engineer-full-time-100-remote-karlsruhe-472053,Arbeitnow,Remote,,2026-05-08,Negotiable,"BCA, MCA, BSC, BTECH, MSC",False,38,4
arbeitnow_konstrukteur-fea-spezialist-ultraschall-recycling-penzberg-77893,Konstrukteur / FEA-Spezialist Ultraschall-Recycling (m/w/d),MESSTEC Power Converter GmbH,Penzberg,Technology,https://www.arbeitnow.com/jobs/companies/messtec-power-converter-gmbh/konstrukteur-fea-spezialist-ultraschall-recycling-penzberg-77893,Arbeitnow,Full-time,,2026-05-08,Negotiable,General,False,30,5
arbeitnow_senior-projektleiter-flottenmanagement-rollout-ottobrunn-71105,Senior Projektleiter Flottenmanagement-Rollout (m/w/x),K-tronik GmbH,Ottobrunn,Technology,https://www.arbeitnow.com/jobs/companies/k-tronik-gmbh/senior-projektleiter-flottenmanagement-rollout-ottobrunn-71105,Arbeitnow,Full-time,,2026-05-08,Negotiable,General,False,34,6
arbeitnow_embedded-firmware-developer-fpga-soc-fur-high-power-produkte-berlin-304512,Embedded Firmware Developer (FPGA/SoC) für High Power Produkte (m/w/x),K-tronik GmbH,Berlin,Technology,https://www.arbeitnow.com/jobs/companies/k-tronik-gmbh/embedded-firmware-developer-fpga-soc-fur-high-power-produkte-berlin-304512,Arbeitnow,Full-time,,2026-05-08,Negotiable,"BCA, BTECH, MCA",False,28,7
arbeitnow_software-test-engineer-stuttgart-231423,Software Test Engineer (m/w/x),K-tronik GmbH,Stuttgart,Technology,https://www.arbeitnow.com/jobs/companies/k-tronik-gmbh/software-test-engineer-stuttgart-231423,Arbeitnow,Full-time,,2026-05-08,Negotiable,"BCA, BTECH, MCA",False,36,5
arbeitnow_legal-data-engineering-praktikum-6-monate-munich-261225,Legal Data Engineering (m/w/d) - Praktikum (6 Monate),Silvernova GmbH,Munich,Technology,https://www.arbeitnow.com/jobs/companies/silvernova-gmbh/legal-data-engineering-praktikum-6-monate-munich-261225,Arbeitnow,Full-time,,2026-05-08,Negotiable,"BCA, MCA, BSC, BTECH, MSC",False,36,6
arbeitnow_leiter-fpa-finance-performance-i-raum-frankfurt-am-main-210879,Leiter FP&A / Finance Performance (m/w/d) I Raum Frankfurt am Main,Hoffmann.Recruiting & More,Frankfurt am Main,Technology,https://www.arbeitnow.com/jobs/companies/hoffmannrecruiting-more/leiter-fpa-finance-performance-i-raum-frankfurt-am-main-210879,Arbeitnow,Full-time,,2026-05-08,Negotiable,General,False,24,4
arbeitnow_atlassian-consultant-in-vollzeit-braunschweig-265319,Atlassian Consultant (m/w/d) in Vollzeit,Norentec GmbH,Braunschweig,Technology,https://www.arbeitnow.com/jobs/companies/norentec-gmbh/atlassian-consultant-in-vollzeit-braunschweig-265319,Arbeitnow,Full-time,,2026-05-08,Negotiable,General,False,26,7
arbeitnow_bilanzbuchhalter-accountant-100-remote-vollzeit-oder-teilzeit-stuttgart-159737,Bilanzbuchhalter / Accountant (m/w/d) 100 % remote | Vollzeit oder Teilzeit,hurra.com,Stuttgart,Technology,https://www.arbeitnow.com/jobs/companies/hurracom/bilanzbuchhalter-accountant-100-remote-vollzeit-oder-teilzeit-stuttgart-159737,Arbeitnow,Remote,,2026-05-08,Negotiable,General,False,15,3
arbeitnow_internship-online-marketing-und-community-management-bei-meet5-frankfurt-am-main-379990,Internship Online Marketing und Community Management bei Meet5 (m/w/d),Meet5 GmbH,Frankfurt am Main,Technology,https://www.arbeitnow.com/jobs/companies/meet5-gmbh/internship-online-marketing-und-community-management-bei-meet5-frankfurt-am-main-379990,Arbeitnow,Full-time,,2026-05-08,Negotiable,NON-TECH,False,16,3
real_mock_0,Software Engineer,Capgemini,"Andhra Pradesh, India",Corporate,https://www.linkedin.com/jobs/search/?keywords=Software%20Engineer&location=Andhra%20Pradesh,LinkedIn,Full Time,1.0,,,"BCA, BTECH, MCA",True,133,14
real_mock_1,Data Analyst,Cognizant,"Assam, India",Technology,https://www.naukri.com/data-analyst-jobs-in-assam,Naukri,Full Time,1.0,,,"BTECH, MSC, BSC",True,76,24
real_mock_2,Consultant,Deloitte,"Bihar, India",Technology,https://unstop.com/jobs?query=Consultant,Unstop,Full Time,1.0,,,General,True,111,16
real_mock_3,Accountant,Goldman Sachs,"Chhattisgarh, India",Corporate,https://www.linkedin.com/jobs,Direct MNC,Full Time,1.0,,,General,True,83,13
real_mock_4,BCA Intern,KPMG,"Delhi, India",Technology,https://www.linkedin.com/jobs/search/?keywords=BCA%20Intern&location=Delhi,LinkedIn,Full Time,1.0,,,BCA,True,57,9
real_mock_5,MCA Trainee,PwC,"Goa, India",Technology,https://www.naukri.com/mca-trainee-jobs-in-goa,Naukri,Full Time,1.0,,,MCA,True,109,11
real_mock_6,B.Tech Graduate,Accenture,"Gujarat, India",Corporate,https://unstop.com/jobs?query=B.Tech+Graduate,Unstop,Full Time,1.0,,,BTECH,True,125,12
real_mock_7,HR Manager,Oracle,"Haryana, India",Technology,https://www.linkedin.com/jobs,Direct MNC,Full Time,1.0,,,NON-TECH,True,134,11
real_mock_8,Product Manager,HDFC Bank,"Himachal Pradesh, India",Technology,https://www.linkedin.com/jobs/search/?keywords=Product%20Manager&location=Himachal%20Pradesh,LinkedIn,Full Time,1.0,,,General,False,11,3
real_mock_9,DevOps Engineer,Coal India,"Jharkhand, India",Corporate,https://www.naukri.com/devops-engineer-jobs-in-jharkhand,Naukri,Full Time,1.0,,,"BCA, BTECH, MCA",False,11,3
real_mock_10,Software Engineer,TCS,"Karnataka, India",Technology,https://unstop.com/jobs?query=Software+Engineer,Unstop,Full Time,1.0,,,"BCA, BTECH, MCA",False,14,3
real_mock_11,Data Analyst,Infosys,"Kerala, India",Technology,https://www.linkedin.com/jobs,Direct MNC,Full Time,1.0,,,"BTECH, MSC, BSC",False,34,5
real_mock_12,Consultant,Wipro,"Madhya Pradesh, India",Corporate,https://www.linkedin.com/jobs/search/?keywords=Consultant&location=Madhya%20Pradesh,LinkedIn,Full Time,1.0,,,General,False,49,3
real_mock_13,Accountant,Reliance,"Maharashtra, India",Technology,https://www.naukri.com/accountant-jobs-in-maharashtra,Naukri,Full Time,1.0,,,General,False,25,6
real_mock_14,BCA Intern,L&T Technology Services,"Meghalaya, India",Technology,https://unstop.com/jobs?query=BCA+Intern,Unstop,Full Time,1.0,,,BCA,False,7,5
real_mock_15,MCA Trainee,Tech Mahindra,"Odisha, India",Corporate,https://www.linkedin.com/jobs,Direct MNC,Full Time,1.0,,,MCA,False,13,4
real_mock_16,B.Tech Graduate,IBM,"Punjab, India",Technology,https://www.linkedin.com/jobs/search/?keywords=B.Tech%20Graduate&location=Punjab,LinkedIn,Full Time,1.0,,,BTECH,False,38,4
real_mock_17,HR Manager,Teleperformance,"Rajasthan, India",Technology,https://www.naukri.com/hr-manager-jobs-in-rajasthan,Naukri,Full Time,1.0,,,NON-TECH,False,47,7
real_mock_18,Product Manager,Kochar Infotech,"Sikkim, India",Corporate,https://unstop.com/jobs?query=Product+Manager,Unstop,Full Time,1.0,,,General,False,30,7
real_mock_19,DevOps Engineer,Aegis,"Tamil Nadu, India",Technology,https://www.linkedin.com/jobs,Direct MNC,Full Time,1.0,,,"BCA, BTECH, MCA",False,36,6
real_mock_20,Software Engineer,Aye Finance,"Telangana, India",Technology,https://www.linkedin.com/jobs/search/?keywords=Software%20Engineer&location=Telangana,LinkedIn,Full Time,1.0,,,"BCA, BTECH, MCA",False,18,4
real_mock_21,Data Analyst,JP Morgan,"Uttar Pradesh, India",Corporate,https://www.naukri.com/data-analyst-jobs-in-uttar-pradesh,Naukri,Full Time,1.0,,,"BTECH, MSC, BSC",False,28,4
real_mock_22,Consultant,Nestle,"Uttarakhand, India",Technology,https://unstop.com/jobs?query=Consultant,Unstop,Full Time,1.0,,,General,False,37,3
real_mock_23,Accountant,Swiggy,"West Bengal, India",Technology,https://www.linkedin.com/jobs,Direct MNC,Full Time,1.0,,,General,False,16,7
real_mock_24,BCA Intern,Flipkart,"Tripura, India",Corporate,https://www.linkedin.com/jobs/search/?keywords=BCA%20Intern&location=Tripura,LinkedIn,Full Time,1.0,,,BCA,False,49,4
real_mock_25,MCA Trainee,Capgemini,"Mumbai (Bombay), India",Technology,https://www.naukri.com/mca-trainee-jobs-in-mumbai-(bombay),Naukri,Full Time,1.0,,,MCA,True,146,14
real_mock_26,B.Tech Graduate,Cognizant,"Navi Mumbai, India",Technology,https://unstop.com/jobs?query=B.Tech+Graduate,Unstop,Full Time,1.0,,,BTECH,True,192,21
real_mock_27,HR Manager,Deloitte,"Noida, India",Corporate,https://www.linkedin.com/jobs,Direct MNC,Full Time,1.0,,,NON-TECH,True,131,21
real_mock_28,Product Manager,Goldman Sachs,"Gurgaon, India",Technology,https://www.linkedin.com/jobs/search/?keywords=Product%20Manager&location=Gurgaon,LinkedIn,Full Time,1.0,,,General,True,109,21
real_mock_29,DevOps Engineer,KPMG,"Gurugram, India",Technology,https://www.naukri.com/devops-engineer-jobs-in-gurugram,Naukri,Full Time,1.0,,,"BCA, BTECH, MCA",True,107,7
real_mock_30,Software Engineer,PwC,"Bangalore, India",Corporate,https://unstop.com/jobs?query=Software+Engineer,Unstop,Full Time,1.0,,,"BCA, BTECH, MCA",True,197,6
real_mock_31,Data Analyst,Accenture,"Chennai, India",Technology,https://www.linkedin.com/jobs,Direct MNC,Full Time,1.0,,,"BTECH, MSC, BSC",True,150,18
real_mock_32,Consultant,Oracle,"Jalpaiguri, India",Technology,https://www.linkedin.com/jobs/search/?keywords=Consultant&location=Jalpaiguri,LinkedIn,Full Time,1.0,,,General,True,167,9
real_mock_33,Accountant,HDFC Bank,"Pune, India",Corporate,https://www.naukri.com/accountant-jobs-in-pune,Naukri,Full Time,1.0,,,General,False,35,4
real_mock_34,BCA Intern,Coal India,"Hyderabad, India",Technology,https://unstop.com/jobs?query=BCA+Intern,Unstop,Full Time,1.0,,,BCA,False,29,7
real_mock_35,MCA Trainee,TCS,"Andhra Pradesh, India",Technology,https://www.linkedin.com/jobs,Direct MNC,Full Time,1.0,,,MCA,False,6,6
real_mock_36,B.Tech Graduate,Infosys,"Assam, India",Corporate,https://www.linkedin.com/jobs/search/?keywords=B.Tech%20Graduate&location=Assam,LinkedIn,Full Time,1.0,,,BTECH,False,31,7
real_mock_37,HR Manager,Wipro,"Bihar, India",Technology,https://www.naukri.com/hr-manager-jobs-in-bihar,Naukri,Full Time,1.0,,,NON-TECH,False,48,3
real_mock_38,Product Manager,Reliance,"Chhattisgarh, India",Technology,https://unstop.com/jobs?query=Product+Manager,Unstop,Full Time,1.0,,,General,False,32,6
real_mock_39,DevOps Engineer,L&T Technology Services,"Delhi, India",Corporate,https://www.linkedin.com/jobs,Direct MNC,Full Time,1.0,,,"BCA, BTECH, MCA",False,44,7
real_mock_40,Software Engineer,Tech Mahindra,"Goa, India",Technology,https://www.linkedin.com/jobs/search/?keywords=Software%20Engineer&location=Goa,LinkedIn,Full Time,1.0,,,"BCA, BTECH, MCA",False,21,7
real_mock_41,Data Analyst,IBM,"Gujarat, India",Technology,https://www.naukri.com/data-analyst-jobs-in-gujarat,Naukri,Full Time,1.0,,,"BTECH, MSC, BSC",False,14,7
real_mock_42,Consultant,Teleperformance,"Haryana, India",Corporate,https://unstop.com/jobs?query=Consultant,Unstop,Full Time,1.0,,,General,False,27,6
real_mock_43,Accountant,Kochar Infotech,"Himachal Pradesh, India",Technology,https://www.linkedin.com/jobs,Direct MNC,Full Time,1.0,,,General,False,7,7
real_mock_44,BCA Intern,Aegis,"Jharkhand, India",Technology,https://www.linkedin.com/jobs/search/?keywords=BCA%20Intern&location=Jharkhand,LinkedIn,Full Time,1.0,,,BCA,False,15,6
real_mock_45,MCA Trainee,Aye Finance,"Karnataka, India",Corporate,https://www.naukri.com/mca-trainee-jobs-in-karnataka,Naukri,Full Time,1.0,,,MCA,False,16,5
real_mock_46,B.Tech Graduate,JP Morgan,"Kerala, India",Technology,https://unstop.com/jobs?query=B.Tech+Graduate,Unstop,Full Time,1.0,,,BTECH,False,49,3
real_mock_47,HR Manager,Nestle,"Madhya Pradesh, India",Technology,https://www.linkedin.com/jobs,Direct MNC,Full Time,1.0,,,NON-TECH,False,25,7
real_mock_48,Product Manager,Swiggy,"Maharashtra, India",Corporate,https://www.linkedin.com/jobs/search/?keywords=Product%20Manager&location=Maharashtra,LinkedIn,Full Time,1.0,,,General,False,20,7
real_mock_49,DevOps Engineer,Flipkart,"Meghalaya, India",Technology,https://www.naukri.com/devops-engineer-jobs-in-meghalaya,Naukri,Full Time,1.0,,,"BCA, BTECH, MCA",False,48,6
real_mock_50,Software Engineer,Capgemini,"Odisha, India",Technology,https://unstop.com/jobs?query=Software+Engineer,Unstop,Full Time,1.0,,,"BCA, BTECH, MCA",True,165,9
real_mock_51,Data Analyst,Cognizant,"Punjab, India",Corporate,https://www.linkedin.com/jobs,Direct MNC,Full Time,1.0,,,"BTECH, MSC, BSC",True,158,11
real_mock_52,Consultant,Deloitte,"Rajasthan, India",Technology,https://www.linkedin.com/jobs/search/?keywords=Consultant&location=Rajasthan,LinkedIn,Full Time,1.0,,,General,True,95,24
real_mock_53,Accountant,Goldman Sachs,"Sikkim, India",Technology,https://www.naukri.com/accountant-jobs-in-sikkim,Naukri,Full Time,1.0,,,General,True,80,10
real_mock_54,BCA Intern,KPMG,"Tamil Nadu, India",Corporate,https://unstop.com/jobs?query=BCA+Intern,Unstop,Full Time,1.0,,,BCA,True,193,19
real_mock_55,MCA Trainee,PwC,"Telangana, India",Technology,https://www.linkedin.com/jobs,Direct MNC,Full Time,1.0,,,MCA,True,121,16
real_mock_56,B.Tech Graduate,Accenture,"Uttar Pradesh, India",Technology,https://www.linkedin.com/jobs/search/?keywords=B.Tech%20Graduate&location=Uttar%20Pradesh,LinkedIn,Full Time,1.0,,,BTECH,True,128,6
real_mock_57,HR Manager,Oracle,"Uttarakhand, India",Corporate,https://www.naukri.com/hr-manager-jobs-in-uttarakhand,Naukri,Full Time,1.0,,,NON-TECH,True,143,14
real_mock_58,Product Manager,HDFC Bank,"West Bengal, India",Technology,https://unstop.com/jobs?query=Product+Manager,Unstop,Full Time,1.0,,,General,False,27,5
real_mock_59,DevOps Engineer,Coal India,"Tripura, India",Technology,https://www.linkedin.com/jobs,Direct MNC,Full Time,1.0,,,"BCA, BTECH, MCA",False,43,6
real_mock_60,Software Engineer,TCS,"Mumbai (Bombay), India",Corporate,https://www.linkedin.com/jobs/search/?keywords=Software%20Engineer&location=Mumbai%20(Bombay),LinkedIn,Full Time,1.0,,,"BCA, BTECH, MCA",False,8,7
real_mock_61,Data Analyst,Infosys,"Navi Mumbai, India",Technology,https://www.naukri.com/data-analyst-jobs-in-navi-mumbai,Naukri,Full Time,1.0,,,"BTECH, MSC, BSC",False,40,6
real_mock_62,Consultant,Wipro,"Noida, India",Technology,https://unstop.com/jobs?query=Consultant,Unstop,Full Time,1.0,,,General,False,37,4
real_mock_63,Accountant,Reliance,"Gurgaon, India",Corporate,https://www.linkedin.com/jobs,Direct MNC,Full Time,1.0,,,General,False,14,3
real_mock_64,BCA Intern,L&T Technology Services,"Gurugram, India",Technology,https://www.linkedin.com/jobs/search/?keywords=BCA%20Intern&location=Gurugram,LinkedIn,Full Time,1.0,,,BCA,False,12,3
real_mock_65,MCA Trainee,Tech Mahindra,"Bangalore, India",Technology,https://www.naukri.com/mca-trainee-jobs-in-bangalore,Naukri,Full Time,1.0,,,MCA,False,17,3
real_mock_66,B.Tech Graduate,IBM,"Chennai, India",Corporate,https://unstop.com/jobs?query=B.Tech+Graduate,Unstop,Full Time,1.0,,,BTECH,False,12,5
real_mock_67,HR Manager,Teleperformance,"Jalpaiguri, India",Technology,https://www.linkedin.com/jobs,Direct MNC,Full Time,1.0,,,NON-TECH,False,26,4
real_mock_68,Product Manager,Kochar Infotech,"Pune, India",Technology,https://www.linkedin.com/jobs/search/?keywords=Product%20Manager&location=Pune,LinkedIn,Full Time,1.0,,,General,False,34,7
real_mock_69,DevOps Engineer,Aegis,"Hyderabad, India",Corporate,https://www.naukri.com/devops-engineer-jobs-in-hyderabad,Naukri,Full Time,1.0,,,"BCA, BTECH, MCA",False,7,7
real_mock_70,Software Engineer,Aye Finance,"Andhra Pradesh, India",Technology,https://unstop.com/jobs?query=Software+Engineer,Unstop,Full Time,1.0,,,"BCA, BTECH, MCA",False,33,5
real_mock_71,Data Analyst,JP Morgan,"Assam, India",Technology,https://www.linkedin.com/jobs,Direct MNC,Full Time,1.0,,,"BTECH, MSC, BSC",False,27,4
real_mock_72,Consultant,Nestle,"Bihar, India",Corporate,https://www.linkedin.com/jobs/search/?keywords=Consultant&location=Bihar,LinkedIn,Full Time,1.0,,,General,False,20,5
real_mock_73,Accountant,Swiggy,"Chhattisgarh, India",Technology,https://www.naukri.com/accountant-jobs-in-chhattisgarh,Naukri,Full Time,1.0,,,General,False,14,7
real_mock_74,BCA Intern,Flipkart,"Delhi, India",Technology,https://unstop.com/jobs?query=BCA+Intern,Unstop,Full Time,1.0,,,BCA,False,10,7
real_mock_75,MCA Trainee,Capgemini,"Goa, India",Corporate,https://www.linkedin.com/jobs,Direct MNC,Full Time,1.0,,,MCA,True,160,7
real_mock_76,B.Tech Graduate,Cognizant,"Gujarat, India",Technology,https://www.linkedin.com/jobs/search/?keywords=B.Tech%20Graduate&location=Gujarat,LinkedIn,Full Time,1.0,,,BTECH,True,185,7
real_mock_77,HR Manager,Deloitte,"Haryana, India",Technology,https://www.naukri.com/hr-manager-jobs-in-haryana,Naukri,Full Time,1.0,,,NON-TECH,True,143,14
real_mock_78,Product Manager,Goldman Sachs,"Himachal Pradesh, India",Corporate,https://unstop.com/jobs?query=Product+Manager,Unstop,Full Time,1.0,,,General,True,70,7
real_mock_79,DevOps Engineer,KPMG,"Jharkhand, India",Technology,https://www.linkedin.com/jobs,Direct MNC,Full Time,1.0,,,"BCA, BTECH, MCA",True,115,23
real_mock_80,Software Engineer,PwC,"Karnataka, India",Technology,https://www.linkedin.com/jobs/search/?keywords=Software%20Engineer&location=Karnataka,LinkedIn,Full Time,1.0,,,"BCA, BTECH, MCA",True,69,10
real_mock_81,Data Analyst,Accenture,"Kerala, India",Corporate,https://www.naukri.com/data-analyst-jobs-in-kerala,Naukri,Full Time,1.0,,,"BTECH, MSC, BSC",True,125,23
real_mock_82,Consultant,Oracle,"Madhya Pradesh, India",Technology,https://unstop.com/jobs?query=Consultant,Unstop,Full Time,1.0,,,General,True,107,17
real_mock_83,Accountant,HDFC Bank,"Maharashtra, India",Technology,https://www.linkedin.com/jobs,Direct MNC,Full Time,1.0,,,General,False,41,7
real_mock_84,BCA Intern,Coal India,"Meghalaya, India",Corporate,https://www.linkedin.com/jobs/search/?keywords=BCA%20Intern&location=Meghalaya,LinkedIn,Full Time,1.0,,,BCA,False,7,6
real_mock_85,MCA Trainee,TCS,"Odisha, India",Technology,https://www.naukri.com/mca-trainee-jobs-in-odisha,Naukri,Full Time,1.0,,,MCA,False,49,5
real_mock_86,B.Tech Graduate,Infosys,"Punjab, India",Technology,https://unstop.com/jobs?query=B.Tech+Graduate,Unstop,Full Time,1.0,,,BTECH,False,19,6
real_mock_87,HR Manager,Wipro,"Rajasthan, India",Corporate,https://www.linkedin.com/jobs,Direct MNC,Full Time,1.0,,,NON-TECH,False,22,4
real_mock_88,Product Manager,Reliance,"Sikkim, India",Technology,https://www.linkedin.com/jobs/search/?keywords=Product%20Manager&location=Sikkim,LinkedIn,Full Time,1.0,,,General,False,18,5
real_mock_89,DevOps Engineer,L&T Technology Services,"Tamil Nadu, India",Technology,https://www.naukri.com/devops-engineer-jobs-in-tamil-nadu,Naukri,Full Time,1.0,,,"BCA, BTECH, MCA",False,22,6
real_mock_90,Software Engineer,Tech Mahindra,"Telangana, India",Corporate,https://unstop.com/jobs?query=Software+Engineer,Unstop,Full Time,1.0,,,"BCA, BTECH, MCA",False,41,4
real_mock_91,Data Analyst,IBM,"Uttar Pradesh, India",Technology,https://www.linkedin.com/jobs,Direct MNC,Full Time,1.0,,,"BTECH, MSC, BSC",False,31,5
real_mock_92,Consultant,Teleperformance,"Uttarakhand, India",Technology,https://www.linkedin.com/jobs/search/?keywords=Consultant&location=Uttarakhand,LinkedIn,Full Time,1.0,,,General,False,26,6
real_mock_93,Accountant,Kochar Infotech,"West Bengal, India",Corporate,https://www.naukri.com/accountant-jobs-in-west-bengal,Naukri,Full Time,1.0,,,General,False,34,5
real_mock_94,BCA Intern,Aegis,"Tripura, India",Technology,https://unstop.com/jobs?query=BCA+Intern,Unstop,Full Time,1.0,,,BCA,False,24,7
real_mock_95,MCA Trainee,Aye Finance,"Mumbai (Bombay), India",Technology,https://www.linkedin.com/jobs,Direct MNC,Full Time,1.0,,,MCA,False,15,3
real_mock_96,B.Tech Graduate,JP Morgan,"Navi Mumbai, India",Corporate,https://www.linkedin.com/jobs/search/?keywords=B.Tech%20Graduate&location=Navi%20Mumbai,LinkedIn,Full Time,1.0,,,BTECH,False,36,5
real_mock_97,HR Manager,Nestle,"Noida, India",Technology,https://www.naukri.com/hr-manager-jobs-in-noida,Naukri,Full Time,1.0,,,NON-TECH,False,31,6
real_mock_98,Product Manager,Swiggy,"Gurgaon, India",Technology,https://unstop.com/jobs?query=Product+Manager,Unstop,Full Time,1.0,,,General,False,11,4
real_mock_99,DevOps Engineer,Flipkart,"Gurugram, India",Corporate,https://www.linkedin.com/jobs,Direct MNC,Full Time,1.0,,,"BCA, BTECH, MCA",False,27,6
real_mock_100,Software Engineer,Capgemini,"Bangalore, India",Technology,https://www.linkedin.com/jobs/search/?keywords=Software%20Engineer&location=Bangalore,LinkedIn,Full Time,1.0,,,"BCA, BTECH, MCA",True,64,20
real_mock_101,Data Analyst,Cognizant,"Chennai, India",Technology,https://www.naukri.com/data-analyst-jobs-in-chennai,Naukri,Full Time,1.0,,,"BTECH, MSC, BSC",True,59,24
real_mock_102,Consultant,Deloitte,"Jalpaiguri, India",Corporate,https://unstop.com/jobs?query=Consultant,Unstop,Full Time,1.0,,,General,True,149,15
real_mock_103,Accountant,Goldman Sachs,"Pune, India",Technology,https://www.linkedin.com/jobs,Direct MNC,Full Time,1.0,,,General,True,73,15
real_mock_104,BCA Intern,KPMG,"Hyderabad, India",Technology,https://www.linkedin.com/jobs/search/?keywords=BCA%20Intern&location=Hyderabad,LinkedIn,Full Time,1.0,,,BCA,True,145,14
real_mock_105,MCA Trainee,PwC,"Andhra Pradesh, India",Corporate,https://www.naukri.com/mca-trainee-jobs-in-andhra-pradesh,Naukri,Full Time,1.0,,,MCA,True,120,13
real_mock_106,B.Tech Graduate,Accenture,"Assam, India",Technology,https://unstop.com/jobs?query=B.Tech+Graduate,Unstop,Full Time,1.0,,,BTECH,True,159,7
real_mock_107,HR Manager,Oracle,"Bihar, India",Technology,https://www.linkedin.com/jobs,Direct MNC,Full Time,1.0,,,NON-TECH,True,118,8
real_mock_108,Product Manager,HDFC Bank,"Chhattisgarh, India",Corporate,https://www.linkedin.com/jobs/search/?keywords=Product%20Manager&location=Chhattisgarh,LinkedIn,Full Time,1.0,,,General,False,25,3
real_mock_109,DevOps Engineer,Coal India,"Delhi, India",Technology,https://www.naukri.com/devops-engineer-jobs-in-delhi,Naukri,Full Time,1.0,,,"BCA, BTECH, MCA",False,25,3
real_mock_110,Software Engineer,TCS,"Goa, India",Technology,https://unstop.com/jobs?query=Software+Engineer,Unstop,Full Time,1.0,,,"BCA, BTECH, MCA",False,41,7
real_mock_111,Data Analyst,Infosys,"Gujarat, India",Corporate,https://www.linkedin.com/jobs,Direct MNC,Full Time,1.0,,,"BTECH, MSC, BSC",False,36,3
real_mock_112,Consultant,Wipro,"Haryana, India",Technology,https://www.linkedin.com/jobs/search/?keywords=Consultant&location=Haryana,LinkedIn,Full Time,1.0,,,General,False,18,6
real_mock_113,Accountant,Reliance,"Himachal Pradesh, India",Technology,https://www.naukri.com/accountant-jobs-in-himachal-pradesh,Naukri,Full Time,1.0,,,General,False,28,4
real_mock_114,BCA Intern,L&T Technology Services,"Jharkhand, India",Corporate,https://unstop.com/jobs?query=BCA+Intern,Unstop,Full Time,1.0,,,BCA,False,15,3
real_mock_115,MCA Trainee,Tech Mahindra,"Karnataka, India",Technology,https://www.linkedin.com/jobs,Direct MNC,Full Time,1.0,,,MCA,False,45,4
real_mock_116,B.Tech Graduate,IBM,"Kerala, India",Technology,https://www.linkedin.com/jobs/search/?keywords=B.Tech%20Graduate&location=Kerala,LinkedIn,Full Time,1.0,,,BTECH,False,39,3
real_mock_117,HR Manager,Teleperformance,"Madhya Pradesh, India",Corporate,https://www.naukri.com/hr-manager-jobs-in-madhya-pradesh,Naukri,Full Time,1.0,,,NON-TECH,False,33,7
real_mock_118,Product Manager,Kochar Infotech,"Maharashtra, India",Technology,https://unstop.com/jobs?query=Product+Manager,Unstop,Full Time,1.0,,,General,False,14,3
real_mock_119,DevOps Engineer,Aegis,"Meghalaya, India",Technology,https://www.linkedin.com/jobs,Direct MNC,Full Time,1.0,,,"BCA, BTECH, MCA",False,25,3
real_mock_120,Software Engineer,Aye Finance,"Odisha, India",Corporate,https://www.linkedin.com/jobs/search/?keywords=Software%20Engineer&location=Odisha,LinkedIn,Full Time,1.0,,,"BCA, BTECH, MCA",False,14,6
real_mock_121,Data Analyst,JP Morgan,"Punjab, India",Technology,https://www.naukri.com/data-analyst-jobs-in-punjab,Naukri,Full Time,1.0,,,"BTECH, MSC, BSC",False,18,5
real_mock_122,Consultant,Nestle,"Rajasthan, India",Technology,https://unstop.com/jobs?query=Consultant,Unstop,Full Time,1.0,,,General,False,48,6
real_mock_123,Accountant,Swiggy,"Sikkim, India",Corporate,https://www.linkedin.com/jobs,Direct MNC,Full Time,1.0,,,General,False,20,3
real_mock_124,BCA Intern,Flipkart,"Tamil Nadu, India",Technology,https://www.linkedin.com/jobs/search/?keywords=BCA%20Intern&location=Tamil%20Nadu,LinkedIn,Full Time,1.0,,,BCA,False,8,6
real_mock_125,MCA Trainee,Capgemini,"Telangana, India",Technology,https://www.naukri.com/mca-trainee-jobs-in-telangana,Naukri,Full Time,1.0,,,MCA,True,149,14
real_mock_126,B.Tech Graduate,Cognizant,"Uttar Pradesh, India",Corporate,https://unstop.com/jobs?query=B.Tech+Graduate,Unstop,Full Time,1.0,,,BTECH,True,75,6
real_mock_127,HR Manager,Deloitte,"Uttarakhand, India",Technology,https://www.linkedin.com/jobs,Direct MNC,Full Time,1.0,,,NON-TECH,True,132,7
real_mock_128,Product Manager,Goldman Sachs,"West Bengal, India",Technology,https://www.linkedin.com/jobs/search/?keywords=Product%20Manager&location=West%20Bengal,LinkedIn,Full Time,1.0,,,General,True,62,11
real_mock_129,DevOps Engineer,KPMG,"Tripura, India",Corporate,https://www.naukri.com/devops-engineer-jobs-in-tripura,Naukri,Full Time,1.0,,,"BCA, BTECH, MCA",True,176,19
real_mock_130,Software Engineer,PwC,"Mumbai (Bombay), India",Technology,https://unstop.com/jobs?query=Software+Engineer,Unstop,Full Time,1.0,,,"BCA, BTECH, MCA",True,53,22
real_mock_131,Data Analyst,Accenture,"Navi Mumbai, India",Technology,https://www.linkedin.com/jobs,Direct MNC,Full Time,1.0,,,"BTECH, MSC, BSC",True,141,21
real_mock_132,Consultant,Oracle,"Noida, India",Corporate,https://www.linkedin.com/jobs/search/?keywords=Consultant&location=Noida,LinkedIn,Full Time,1.0,,,General,True,105,7
real_mock_133,Accountant,HDFC Bank,"Gurgaon, India",Technology,https://www.naukri.com/accountant-jobs-in-gurgaon,Naukri,Full Time,1.0,,,General,False,41,6
real_mock_134,BCA Intern,Coal India,"Gurugram, India",Technology,https://unstop.com/jobs?query=BCA+Intern,Unstop,Full Time,1.0,,,BCA,False,5,5
real_mock_135,MCA Trainee,TCS,"Bangalore, India",Corporate,https://www.linkedin.com/jobs,Direct MNC,Full Time,1.0,,,MCA,False,29,4
real_mock_136,B.Tech Graduate,Infosys,"Chennai, India",Technology,https://www.linkedin.com/jobs/search/?keywords=B.Tech%20Graduate&location=Chennai,LinkedIn,Full Time,1.0,,,BTECH,False,21,7
real_mock_137,HR Manager,Wipro,"Jalpaiguri, India",Technology,https://www.naukri.com/hr-manager-jobs-in-jalpaiguri,Naukri,Full Time,1.0,,,NON-TECH,False,29,4
real_mock_138,Product Manager,Reliance,"Pune, India",Corporate,https://unstop.com/jobs?query=Product+Manager,Unstop,Full Time,1.0,,,General,False,46,3
real_mock_139,DevOps Engineer,L&T Technology Services,"Hyderabad, India",Technology,https://www.linkedin.com/jobs,Direct MNC,Full Time,1.0,,,"BCA, BTECH, MCA",False,35,7
real_mock_140,Software Engineer,Tech Mahindra,"Andhra Pradesh, India",Technology,https://www.linkedin.com/jobs/search/?keywords=Software%20Engineer&location=Andhra%20Pradesh,LinkedIn,Full Time,1.0,,,"BCA, BTECH, MCA",False,5,6
real_mock_141,Data Analyst,IBM,"Assam, India",Corporate,https://www.naukri.com/data-analyst-jobs-in-assam,Naukri,Full Time,1.0,,,"BTECH, MSC, BSC",False,33,3
real_mock_142,Consultant,Teleperformance,"Bihar, India",Technology,https://unstop.com/jobs?query=Consultant,Unstop,Full Time,1.0,,,General,False,35,7
real_mock_143,Accountant,Kochar Infotech,"Chhattisgarh, India",Technology,https://www.linkedin.com/jobs,Direct MNC,Full Time,1.0,,,General,False,33,5
real_mock_144,BCA Intern,Aegis,"Delhi, India",Corporate,https://www.linkedin.com/jobs/search/?keywords=BCA%20Intern&location=Delhi,LinkedIn,Full Time,1.0,,,BCA,False,19,6
real_mock_145,MCA Trainee,Aye Finance,"Goa, India",Technology,https://www.naukri.com/mca-trainee-jobs-in-goa,Naukri,Full Time,1.0,,,MCA,False,9,6
real_mock_146,B.Tech Graduate,JP Morgan,"Gujarat, India",Technology,https://unstop.com/jobs?query=B.Tech+Graduate,Unstop,Full Time,1.0,,,BTECH,False,32,6
real_mock_147,HR Manager,Nestle,"Haryana, India",Corporate,https://www.linkedin.com/jobs,Direct MNC,Full Time,1.0,,,NON-TECH,False,23,5
real_mock_148,Product Manager,Swiggy,"Himachal Pradesh, India",Technology,https://www.linkedin.com/jobs/search/?keywords=Product%20Manager&location=Himachal%20Pradesh,LinkedIn,Full Time,1.0,,,General,False,36,7
real_mock_149,DevOps Engineer,Flipkart,"Jharkhand, India",Technology,https://www.naukri.com/devops-engineer-jobs-in-jharkhand,Naukri,Full Time,1.0,,,"BCA, BTECH, MCA",False,37,3
real_mock_150,Software Engineer,Capgemini,"Karnataka, India",Corporate,https://unstop.com/jobs?query=Software+Engineer,Unstop,Full Time,1.0,,,"BCA, BTECH, MCA",True,101,6
real_mock_151,Data Analyst,Cognizant,"Kerala, India",Technology,https://www.linkedin.com/jobs,Direct MNC,Full Time,1.0,,,"BTECH, MSC, BSC",True,62,10
real_mock_152,Consultant,Deloitte,"Madhya Pradesh, India",Technology,https://www.linkedin.com/jobs/search/?keywords=Consultant&location=Madhya%20Pradesh,LinkedIn,Full Time,1.0,,,General,True,125,15
real_mock_153,Accountant,Goldman Sachs,"Maharashtra, India",Corporate,https://www.naukri.com/accountant-jobs-in-maharashtra,Naukri,Full Time,1.0,,,General,True,152,23
real_mock_154,BCA Intern,KPMG,"Meghalaya, India",Technology,https://unstop.com/jobs?query=BCA+Intern,Unstop,Full Time,1.0,,,BCA,True,155,10
real_mock_155,MCA Trainee,PwC,"Odisha, India",Technology,https://www.linkedin.com/jobs,Direct MNC,Full Time,1.0,,,MCA,True,167,23
real_mock_156,B.Tech Graduate,Accenture,"Punjab, India",Corporate,https://www.linkedin.com/jobs/search/?keywords=B.Tech%20Graduate&location=Punjab,LinkedIn,Full Time,1.0,,,BTECH,True,162,13
real_mock_157,HR Manager,Oracle,"Rajasthan, India",Technology,https://www.naukri.com/hr-manager-jobs-in-rajasthan,Naukri,Full Time,1.0,,,NON-TECH,True,65,19
real_mock_158,Product Manager,HDFC Bank,"Sikkim, India",Technology,https://unstop.com/jobs?query=Product+Manager,Unstop,Full Time,1.0,,,General,False,36,5
real_mock_159,DevOps Engineer,Coal India,"Tamil Nadu, India",Corporate,https://www.linkedin.com/jobs,Direct MNC,Full Time,1.0,,,"BCA, BTECH, MCA",False,8,3
real_mock_160,Software Engineer,TCS,"Telangana, India",Technology,https://www.linkedin.com/jobs/search/?keywords=Software%20Engineer&location=Telangana,LinkedIn,Full Time,1.0,,,"BCA, BTECH, MCA",False,35,3
real_mock_161,Data Analyst,Infosys,"Uttar Pradesh, India",Technology,https://www.naukri.com/data-analyst-jobs-in-uttar-pradesh,Naukri,Full Time,1.0,,,"BTECH, MSC, BSC",False,27,7
real_mock_162,Consultant,Wipro,"Uttarakhand, India",Corporate,https://unstop.com/jobs?query=Consultant,Unstop,Full Time,1.0,,,General,False,10,5
real_mock_163,Accountant,Reliance,"West Bengal, India",Technology,https://www.linkedin.com/jobs,Direct MNC,Full Time,1.0,,,General,False,48,3
real_mock_164,BCA Intern,L&T Technology Services,"Tripura, India",Technology,https://www.linkedin.com/jobs/search/?keywords=BCA%20Intern&location=Tripura,LinkedIn,Full Time,1.0,,,BCA,False,31,4
real_mock_165,MCA Trainee,Tech Mahindra,"Mumbai (Bombay), India",Corporate,https://www.naukri.com/mca-trainee-jobs-in-mumbai-(bombay),Naukri,Full Time,1.0,,,MCA,False,9,4
real_mock_166,B.Tech Graduate,IBM,"Navi Mumbai, India",Technology,https://unstop.com/jobs?query=B.Tech+Graduate,Unstop,Full Time,1.0,,,BTECH,False,42,7
real_mock_167,HR Manager,Teleperformance,"Noida, India",Technology,https://www.linkedin.com/jobs,Direct MNC,Full Time,1.0,,,NON-TECH,False,8,3
real_mock_168,Product Manager,Kochar Infotech,"Gurgaon, India",Corporate,https://www.linkedin.com/jobs/search/?keywords=Product%20Manager&location=Gurgaon,LinkedIn,Full Time,1.0,,,General,False,35,5
real_mock_169,DevOps Engineer,Aegis,"Gurugram, India",Technology,https://www.naukri.com/devops-engineer-jobs-in-gurugram,Naukri,Full Time,1.0,,,"BCA, BTECH, MCA",False,31,4
real_mock_170,Software Engineer,Aye Finance,"Bangalore, India",Technology,https://unstop.com/jobs?query=Software+Engineer,Unstop,Full Time,1.0,,,"BCA, BTECH, MCA",False,31,4
real_mock_171,Data Analyst,JP Morgan,"Chennai, India",Corporate,https://www.linkedin.com/jobs,Direct MNC,Full Time,1.0,,,"BTECH, MSC, BSC",False,20,6
real_mock_172,Consultant,Nestle,"Jalpaiguri, India",Technology,https://www.linkedin.com/jobs/search/?keywords=Consultant&location=Jalpaiguri,LinkedIn,Full Time,1.0,,,General,False,25,5
real_mock_173,Accountant,Swiggy,"Pune, India",Technology,https://www.naukri.com/accountant-jobs-in-pune,Naukri,Full Time,1.0,,,General,False,11,5
real_mock_174,BCA Intern,Flipkart,"Hyderabad, India",Corporate,https://unstop.com/jobs?query=BCA+Intern,Unstop,Full Time,1.0,,,BCA,False,43,3
real_mock_175,MCA Trainee,Capgemini,"Andhra Pradesh, India",Technology,https://www.linkedin.com/jobs,Direct MNC,Full Time,1.0,,,MCA,True,184,23
real_mock_176,B.Tech Graduate,Cognizant,"Assam, India",Technology,https://www.linkedin.com/jobs/search/?keywords=B.Tech%20Graduate&location=Assam,LinkedIn,Full Time,1.0,,,BTECH,True,95,21
real_mock_177,HR Manager,Deloitte,"Bihar, India",Corporate,https://www.naukri.com/hr-manager-jobs-in-bihar,Naukri,Full Time,1.0,,,NON-TECH,True,154,23
real_mock_178,Product Manager,Goldman Sachs,"Chhattisgarh, India",Technology,https://unstop.com/jobs?query=Product+Manager,Unstop,Full Time,1.0,,,General,True,153,12
real_mock_179,DevOps Engineer,KPMG,"Delhi, India",Technology,https://www.linkedin.com/jobs,Direct MNC,Full Time,1.0,,,"BCA, BTECH, MCA",True,177,9
real_mock_180,Software Engineer,PwC,"Goa, India",Corporate,https://www.linkedin.com/jobs/search/?keywords=Software%20Engineer&location=Goa,LinkedIn,Full Time,1.0,,,"BCA, BTECH, MCA",True,177,16
real_mock_181,Data Analyst,Accenture,"Gujarat, India",Technology,https://www.naukri.com/data-analyst-jobs-in-gujarat,Naukri,Full Time,1.0,,,"BTECH, MSC, BSC",True,146,16
real_mock_182,Consultant,Oracle,"Haryana, India",Technology,https://unstop.com/jobs?query=Consultant,Unstop,Full Time,1.0,,,General,True,115,10
real_mock_183,Accountant,HDFC Bank,"Himachal Pradesh, India",Corporate,https://www.linkedin.com/jobs,Direct MNC,Full Time,1.0,,,General,False,19,6
real_mock_184,BCA Intern,Coal India,"Jharkhand, India",Technology,https://www.linkedin.com/jobs/search/?keywords=BCA%20Intern&location=Jharkhand,LinkedIn,Full Time,1.0,,,BCA,False,25,3
real_mock_185,MCA Trainee,TCS,"Karnataka, India",Technology,https://www.naukri.com/mca-trainee-jobs-in-karnataka,Naukri,Full Time,1.0,,,MCA,False,20,4
real_mock_186,B.Tech Graduate,Infosys,"Kerala, India",Corporate,https://unstop.com/jobs?query=B.Tech+Graduate,Unstop,Full Time,1.0,,,BTECH,False,32,6
real_mock_187,HR Manager,Wipro,"Madhya Pradesh, India",Technology,https://www.linkedin.com/jobs,Direct MNC,Full Time,1.0,,,NON-TECH,False,22,7
real_mock_188,Product Manager,Reliance,"Maharashtra, India",Technology,https://www.linkedin.com/jobs/search/?keywords=Product%20Manager&location=Maharashtra,LinkedIn,Full Time,1.0,,,General,False,17,7
real_mock_189,DevOps Engineer,L&T Technology Services,"Meghalaya, India",Corporate,https://www.naukri.com/devops-engineer-jobs-in-meghalaya,Naukri,Full Time,1.0,,,"BCA, BTECH, MCA",False,27,5
real_mock_190,Software Engineer,Tech Mahindra,"Odisha, India",Technology,https://unstop.com/jobs?query=Software+Engineer,Unstop,Full Time,1.0,,,"BCA, BTECH, MCA",False,12,5
real_mock_191,Data Analyst,IBM,"Punjab, India",Technology,https://www.linkedin.com/jobs,Direct MNC,Full Time,1.0,,,"BTECH, MSC, BSC",False,11,5
real_mock_192,Consultant,Teleperformance,"Rajasthan, India",Corporate,https://www.linkedin.com/jobs/search/?keywords=Consultant&location=Rajasthan,LinkedIn,Full Time,1.0,,,General,False,37,5
real_mock_193,Accountant,Kochar Infotech,"Sikkim, India",Technology,https://www.naukri.com/accountant-jobs-in-sikkim,Naukri,Full Time,1.0,,,General,False,19,7
real_mock_194,BCA Intern,Aegis,"Tamil Nadu, India",Technology,https://unstop.com/jobs?query=BCA+Intern,Unstop,Full Time,1.0,,,BCA,False,40,4
real_mock_195,MCA Trainee,Aye Finance,"Telangana, India",Corporate,https://www.linkedin.com/jobs,Direct MNC,Full Time,1.0,,,MCA,False,27,5
real_mock_196,B.Tech Graduate,JP Morgan,"Uttar Pradesh, India",Technology,https://www.linkedin.com/jobs/search/?keywords=B.Tech%20Graduate&location=Uttar%20Pradesh,LinkedIn,Full Time,1.0,,,BTECH,False,31,4
real_mock_197,HR Manager,Nestle,"Uttarakhand, India",Technology,https://www.naukri.com/hr-manager-jobs-in-uttarakhand,Naukri,Full Time,1.0,,,NON-TECH,False,32,4
real_mock_198,Product Manager,Swiggy,"West Bengal, India",Corporate,https://unstop.com/jobs?query=Product+Manager,Unstop,Full Time,1.0,,,General,False,49,6
real_mock_199,DevOps Engineer,Flipkart,"Tripura, India",Technology,https://www.linkedin.com/jobs,Direct MNC,Full Time,1.0,,,"BCA, BTECH, MCA",False,7,4
real_mock_200,Software Engineer,Capgemini,"Mumbai (Bombay), India",Technology,https://www.linkedin.com/jobs/search/?keywords=Software%20Engineer&location=Mumbai%20(Bombay),LinkedIn,Full Time,1.0,,,"BCA, BTECH, MCA",True,138,12
real_mock_201,Data Analyst,Cognizant,"Navi Mumbai, India",Corporate,https://www.naukri.com/data-analyst-jobs-in-navi-mumbai,Naukri,Full Time,1.0,,,"BTECH, MSC, BSC",True,159,12
real_mock_202,Consultant,Deloitte,"Noida, India",Technology,https://unstop.com/jobs?query=Consultant,Unstop,Full Time,1.0,,,General,True,196,12
real_mock_203,Accountant,Goldman Sachs,"Gurgaon, India",Technology,https://www.linkedin.com/jobs,Direct MNC,Full Time,1.0,,,General,True,51,18
real_mock_204,BCA Intern,KPMG,"Gurugram, India",Corporate,https://www.linkedin.com/jobs/search/?keywords=BCA%20Intern&location=Gurugram,LinkedIn,Full Time,1.0,,,BCA,True,118,13
real_mock_205,MCA Trainee,PwC,"Bangalore, India",Technology,https://www.naukri.com/mca-trainee-jobs-in-bangalore,Naukri,Full Time,1.0,,,MCA,True,166,19
real_mock_206,B.Tech Graduate,Accenture,"Chennai, India",Technology,https://unstop.com/jobs?query=B.Tech+Graduate,Unstop,Full Time,1.0,,,BTECH,True,84,9
real_mock_207,HR Manager,Oracle,"Jalpaiguri, India",Corporate,https://www.linkedin.com/jobs,Direct MNC,Full Time,1.0,,,NON-TECH,True,67,19
real_mock_208,Product Manager,HDFC Bank,"Pune, India",Technology,https://www.linkedin.com/jobs/search/?keywords=Product%20Manager&location=Pune,LinkedIn,Full Time,1.0,,,General,False,34,5
real_mock_209,DevOps Engineer,Coal India,"Hyderabad, India",Technology,https://www.naukri.com/devops-engineer-jobs-in-hyderabad,Naukri,Full Time,1.0,,,"BCA, BTECH, MCA",False,34,7
real_mock_210,Software Engineer,TCS,"Andhra Pradesh, India",Corporate,https://unstop.com/jobs?query=Software+Engineer,Unstop,Full Time,1.0,,,"BCA, BTECH, MCA",False,29,5
real_mock_211,Data Analyst,Infosys,"Assam, India",Technology,https://www.linkedin.com/jobs,Direct MNC,Full Time,1.0,,,"BTECH, MSC, BSC",False,40,3
real_mock_212,Consultant,Wipro,"Bihar, India",Technology,https://www.linkedin.com/jobs/search/?keywords=Consultant&location=Bihar,LinkedIn,Full Time,1.0,,,General,False,17,5
real_mock_213,Accountant,Reliance,"Chhattisgarh, India",Corporate,https://www.naukri.com/accountant-jobs-in-chhattisgarh,Naukri,Full Time,1.0,,,General,False,13,7
real_mock_214,BCA Intern,L&T Technology Services,"Delhi, India",Technology,https://unstop.com/jobs?query=BCA+Intern,Unstop,Full Time,1.0,,,BCA,False,10,6
real_mock_215,MCA Trainee,Tech Mahindra,"Goa, India",Technology,https://www.linkedin.com/jobs,Direct MNC,Full Time,1.0,,,MCA,False,22,3
real_mock_216,B.Tech Graduate,IBM,"Gujarat, India",Corporate,https://www.linkedin.com/jobs/search/?keywords=B.Tech%20Graduate&location=Gujarat,LinkedIn,Full Time,1.0,,,BTECH,False,28,5
real_mock_217,HR Manager,Teleperformance,"Haryana, India",Technology,https://www.naukri.com/hr-manager-jobs-in-haryana,Naukri,Full Time,1.0,,,NON-TECH,False,49,3
real_mock_218,Product Manager,Kochar Infotech,"Himachal Pradesh, India",Technology,https://unstop.com/jobs?query=Product+Manager,Unstop,Full Time,1.0,,,General,False,35,6
real_mock_219,DevOps Engineer,Aegis,"Jharkhand, India",Corporate,https://www.linkedin.com/jobs,Direct MNC,Full Time,1.0,,,"BCA, BTECH, MCA",False,16,6
real_mock_220,Software Engineer,Aye Finance,"Karnataka, India",Technology,https://www.linkedin.com/jobs/search/?keywords=Software%20Engineer&location=Karnataka,LinkedIn,Full Time,1.0,,,"BCA, BTECH, MCA",False,44,6
real_mock_221,Data Analyst,JP Morgan,"Kerala, India",Technology,https://www.naukri.com/data-analyst-jobs-in-kerala,Naukri,Full Time,1.0,,,"BTECH, MSC, BSC",False,39,7
real_mock_222,Consultant,Nestle,"Madhya Pradesh, India",Corporate,https://unstop.com/jobs?query=Consultant,Unstop,Full Time,1.0,,,General,False,43,3
real_mock_223,Accountant,Swiggy,"Maharashtra, India",Technology,https://www.linkedin.com/jobs,Direct MNC,Full Time,1.0,,,General,False,46,6
real_mock_224,BCA Intern,Flipkart,"Meghalaya, India",Technology,https://www.linkedin.com/jobs/search/?keywords=BCA%20Intern&location=Meghalaya,LinkedIn,Full Time,1.0,,,BCA,False,13,4
real_mock_225,MCA Trainee,Capgemini,"Odisha, India",Corporate,https://www.naukri.com/mca-trainee-jobs-in-odisha,Naukri,Full Time,1.0,,,MCA,True,60,24
real_mock_226,B.Tech Graduate,Cognizant,"Punjab, India",Technology,https://unstop.com/jobs?query=B.Tech+Graduate,Unstop,Full Time,1.0,,,BTECH,True,167,13
real_mock_227,HR Manager,Deloitte,"Rajasthan, India",Technology,https://www.linkedin.com/jobs,Direct MNC,Full Time,1.0,,,NON-TECH,True,85,9
real_mock_228,Product Manager,Goldman Sachs,"Sikkim, India",Corporate,https://www.linkedin.com/jobs/search/?keywords=Product%20Manager&location=Sikkim,LinkedIn,Full Time,1.0,,,General,True,77,7
real_mock_229,DevOps Engineer,KPMG,"Tamil Nadu, India",Technology,https://www.naukri.com/devops-engineer-jobs-in-tamil-nadu,Naukri,Full Time,1.0,,,"BCA, BTECH, MCA",True,83,16
real_mock_230,Software Engineer,PwC,"Telangana, India",Technology,https://unstop.com/jobs?query=Software+Engineer,Unstop,Full Time,1.0,,,"BCA, BTECH, MCA",True,63,8
real_mock_231,Data Analyst,Accenture,"Uttar Pradesh, India",Corporate,https://www.linkedin.com/jobs,Direct MNC,Full Time,1.0,,,"BTECH, MSC, BSC",True,91,12
real_mock_232,Consultant,Oracle,"Uttarakhand, India",Technology,https://www.linkedin.com/jobs/search/?keywords=Consultant&location=Uttarakhand,LinkedIn,Full Time,1.0,,,General,True,124,15
real_mock_233,Accountant,HDFC Bank,"West Bengal, India",Technology,https://www.naukri.com/accountant-jobs-in-west-bengal,Naukri,Full Time,1.0,,,General,False,6,5
real_mock_234,BCA Intern,Coal India,"Tripura, India",Corporate,https://unstop.com/jobs?query=BCA+Intern,Unstop,Full Time,1.0,,,BCA,False,13,7
real_mock_235,MCA Trainee,TCS,"Mumbai (Bombay), India",Technology,https://www.linkedin.com/jobs,Direct MNC,Full Time,1.0,,,MCA,False,9,6
real_mock_236,B.Tech Graduate,Infosys,"Navi Mumbai, India",Technology,https://www.linkedin.com/jobs/search/?keywords=B.Tech%20Graduate&location=Navi%20Mumbai,LinkedIn,Full Time,1.0,,,BTECH,False,6,3
real_mock_237,HR Manager,Wipro,"Noida, India",Corporate,https://www.naukri.com/hr-manager-jobs-in-noida,Naukri,Full Time,1.0,,,NON-TECH,False,10,3
real_mock_238,Product Manager,Reliance,"Gurgaon, India",Technology,https://unstop.com/jobs?query=Product+Manager,Unstop,Full Time,1.0,,,General,False,11,5
real_mock_239,DevOps Engineer,L&T Technology Services,"Gurugram, India",Technology,https://www.linkedin.com/jobs,Direct MNC,Full Time,1.0,,,"BCA, BTECH, MCA",False,47,3
real_mock_240,Software Engineer,Tech Mahindra,"Bangalore, India",Corporate,https://www.linkedin.com/jobs/search/?keywords=Software%20Engineer&location=Bangalore,LinkedIn,Full Time,1.0,,,"BCA, BTECH, MCA",False,13,5
real_mock_241,Data Analyst,IBM,"Chennai, India",Technology,https://www.naukri.com/data-analyst-jobs-in-chennai,Naukri,Full Time,1.0,,,"BTECH, MSC, BSC",False,21,3
real_mock_242,Consultant,Teleperformance,"Jalpaiguri, India",Technology,https://unstop.com/jobs?query=Consultant,Unstop,Full Time,1.0,,,General,False,22,5
real_mock_243,Accountant,Kochar Infotech,"Pune, India",Corporate,https://www.linkedin.com/jobs,Direct MNC,Full Time,1.0,,,General,False,26,7
real_mock_244,BCA Intern,Aegis,"Hyderabad, India",Technology,https://www.linkedin.com/jobs/search/?keywords=BCA%20Intern&location=Hyderabad,LinkedIn,Full Time,1.0,,,BCA,False,10,4
real_mock_245,MCA Trainee,Aye Finance,"Andhra Pradesh, India",Technology,https://www.naukri.com/mca-trainee-jobs-in-andhra-pradesh,Naukri,Full Time,1.0,,,MCA,False,25,5
real_mock_246,B.Tech Graduate,JP Morgan,"Assam, India",Corporate,https://unstop.com/jobs?query=B.Tech+Graduate,Unstop,Full Time,1.0,,,BTECH,False,40,5
real_mock_247,HR Manager,Nestle,"Bihar, India",Technology,https://www.linkedin.com/jobs,Direct MNC,Full Time,1.0,,,NON-TECH,False,24,5
real_mock_248,Product Manager,Swiggy,"Chhattisgarh, India",Technology,https://www.linkedin.com/jobs/search/?keywords=Product%20Manager&location=Chhattisgarh,LinkedIn,Full Time,1.0,,,General,False,15,3
real_mock_249,DevOps Engineer,Flipkart,"Delhi, India",Corporate,https://www.naukri.com/devops-engineer-jobs-in-delhi,Naukri,Full Time,1.0,,,"BCA, BTECH, MCA",False,16,7
real_mock_250,Software Engineer,Capgemini,"Goa, India",Technology,https://unstop.com/jobs?query=Software+Engineer,Unstop,Full Time,1.0,,,"BCA, BTECH, MCA",True,64,14
real_mock_251,Data Analyst,Cognizant,"Gujarat, India",Technology,https://www.linkedin.com/jobs,Direct MNC,Full Time,1.0,,,"BTECH, MSC, BSC",True,170,6
real_mock_252,Consultant,Deloitte,"Haryana, India",Corporate,https://www.linkedin.com/jobs/search/?keywords=Consultant&location=Haryana,LinkedIn,Full Time,1.0,,,General,True,164,19
real_mock_253,Accountant,Goldman Sachs,"Himachal Pradesh, India",Technology,https://www.naukri.com/accountant-jobs-in-himachal-pradesh,Naukri,Full Time,1.0,,,General,True,92,11
real_mock_254,BCA Intern,KPMG,"Jharkhand, India",Technology,https://unstop.com/jobs?query=BCA+Intern,Unstop,Full Time,1.0,,,BCA,True,122,20
real_mock_255,MCA Trainee,PwC,"Karnataka, India",Corporate,https://www.linkedin.com/jobs,Direct MNC,Full Time,1.0,,,MCA,True,114,11
real_mock_256,B.Tech Graduate,Accenture,"Kerala, India",Technology,https://www.linkedin.com/jobs/search/?keywords=B.Tech%20Graduate&location=Kerala,LinkedIn,Full Time,1.0,,,BTECH,True,109,22
real_mock_257,HR Manager,Oracle,"Madhya Pradesh, India",Technology,https://www.naukri.com/hr-manager-jobs-in-madhya-pradesh,Naukri,Full Time,1.0,,,NON-TECH,True,188,22
real_mock_258,Product Manager,HDFC Bank,"Maharashtra, India",Corporate,https://unstop.com/jobs?query=Product+Manager,Unstop,Full Time,1.0,,,General,False,46,4
real_mock_259,DevOps Engineer,Coal India,"Meghalaya, India",Technology,https://www.linkedin.com/jobs,Direct MNC,Full Time,1.0,,,"BCA, BTECH, MCA",False,11,6
real_mock_260,Software Engineer,TCS,"Odisha, India",Technology,https://www.linkedin.com/jobs/search/?keywords=Software%20Engineer&location=Odisha,LinkedIn,Full Time,1.0,,,"BCA, BTECH, MCA",False,25,3
real_mock_261,Data Analyst,Infosys,"Punjab, India",Corporate,https://www.naukri.com/data-analyst-jobs-in-punjab,Naukri,Full Time,1.0,,,"BTECH, MSC, BSC",False,30,4
real_mock_262,Consultant,Wipro,"Rajasthan, India",Technology,https://unstop.com/jobs?query=Consultant,Unstop,Full Time,1.0,,,General,False,32,3
real_mock_263,Accountant,Reliance,"Sikkim, India",Technology,https://www.linkedin.com/jobs,Direct MNC,Full Time,1.0,,,General,False,36,6
real_mock_264,BCA Intern,L&T Technology Services,"Tamil Nadu, India",Corporate,https://www.linkedin.com/jobs/search/?keywords=BCA%20Intern&location=Tamil%20Nadu,LinkedIn,Full Time,1.0,,,BCA,False,31,4
real_mock_265,MCA Trainee,Tech Mahindra,"Telangana, India",Technology,https://www.naukri.com/mca-trainee-jobs-in-telangana,Naukri,Full Time,1.0,,,MCA,False,27,7
real_mock_266,B.Tech Graduate,IBM,"Uttar Pradesh, India",Technology,https://unstop.com/jobs?query=B.Tech+Graduate,Unstop,Full Time,1.0,,,BTECH,False,16,5
real_mock_267,HR Manager,Teleperformance,"Uttarakhand, India",Corporate,https://www.linkedin.com/jobs,Direct MNC,Full Time,1.0,,,NON-TECH,False,36,3
real_mock_268,Product Manager,Kochar Infotech,"West Bengal, India",Technology,https://www.linkedin.com/jobs/search/?keywords=Product%20Manager&location=West%20Bengal,LinkedIn,Full Time,1.0,,,General,False,45,6
real_mock_269,DevOps Engineer,Aegis,"Tripura, India",Technology,https://www.naukri.com/devops-engineer-jobs-in-tripura,Naukri,Full Time,1.0,,,"BCA, BTECH, MCA",False,36,7
real_mock_270,Software Engineer,Aye Finance,"Mumbai (Bombay), India",Corporate,https://unstop.com/jobs?query=Software+Engineer,Unstop,Full Time,1.0,,,"BCA, BTECH, MCA",False,12,4
real_mock_271,Data Analyst,JP Morgan,"Navi Mumbai, India",Technology,https://www.linkedin.com/jobs,Direct MNC,Full Time,1.0,,,"BTECH, MSC, BSC",False,35,5
real_mock_272,Consultant,Nestle,"Noida, India",Technology,https://www.linkedin.com/jobs/search/?keywords=Consultant&location=Noida,LinkedIn,Full Time,1.0,,,General,False,47,4
real_mock_273,Accountant,Swiggy,"Gurgaon, India",Corporate,https://www.naukri.com/accountant-jobs-in-gurgaon,Naukri,Full Time,1.0,,,General,False,16,6
real_mock_274,BCA Intern,Flipkart,"Gurugram, India",Technology,https://unstop.com/jobs?query=BCA+Intern,Unstop,Full Time,1.0,,,BCA,False,16,7
real_mock_275,MCA Trainee,Capgemini,"Bangalore, India",Technology,https://www.linkedin.com/jobs,Direct MNC,Full Time,1.0,,,MCA,True,55,7
real_mock_276,B.Tech Graduate,Cognizant,"Chennai, India",Corporate,https://www.linkedin.com/jobs/search/?keywords=B.Tech%20Graduate&location=Chennai,LinkedIn,Full Time,1.0,,,BTECH,True,115,21
real_mock_277,HR Manager,Deloitte,"Jalpaiguri, India",Technology,https://www.naukri.com/hr-manager-jobs-in-jalpaiguri,Naukri,Full Time,1.0,,,NON-TECH,True,153,8
real_mock_278,Product Manager,Goldman Sachs,"Pune, India",Technology,https://unstop.com/jobs?query=Product+Manager,Unstop,Full Time,1.0,,,General,True,183,16
real_mock_279,DevOps Engineer,KPMG,"Hyderabad, India",Corporate,https://www.linkedin.com/jobs,Direct MNC,Full Time,1.0,,,"BCA, BTECH, MCA",True,59,18
real_mock_280,Software Engineer,PwC,"Andhra Pradesh, India",Technology,https://www.linkedin.com/jobs/search/?keywords=Software%20Engineer&location=Andhra%20Pradesh,LinkedIn,Full Time,1.0,,,"BCA, BTECH, MCA",True,159,18
real_mock_281,Data Analyst,Accenture,"Assam, India",Technology,https://www.naukri.com/data-analyst-jobs-in-assam,Naukri,Full Time,1.0,,,"BTECH, MSC, BSC",True,194,13
real_mock_282,Consultant,Oracle,"Bihar, India",Corporate,https://unstop.com/jobs?query=Consultant,Unstop,Full Time,1.0,,,General,True,170,18
real_mock_283,Accountant,HDFC Bank,"Chhattisgarh, India",Technology,https://www.linkedin.com/jobs,Direct MNC,Full Time,1.0,,,General,False,5,3
real_mock_284,BCA Intern,Coal India,"Delhi, India",Technology,https://www.linkedin.com/jobs/search/?keywords=BCA%20Intern&location=Delhi,LinkedIn,Full Time,1.0,,,BCA,False,31,4
real_mock_285,MCA Trainee,TCS,"Goa, India",Corporate,https://www.naukri.com/mca-trainee-jobs-in-goa,Naukri,Full Time,1.0,,,MCA,False,41,3
real_mock_286,B.Tech Graduate,Infosys,"Gujarat, India",Technology,https://unstop.com/jobs?query=B.Tech+Graduate,Unstop,Full Time,1.0,,,BTECH,False,19,6
real_mock_287,HR Manager,Wipro,"Haryana, India",Technology,https://www.linkedin.com/jobs,Direct MNC,Full Time,1.0,,,NON-TECH,False,17,7
real_mock_288,Product Manager,Reliance,"Himachal Pradesh, India",Corporate,https://www.linkedin.com/jobs/search/?keywords=Product%20Manager&location=Himachal%20Pradesh,LinkedIn,Full Time,1.0,,,General,False,48,3
real_mock_289,DevOps Engineer,L&T Technology Services,"Jharkhand, India",Technology,https://www.naukri.com/devops-engineer-jobs-in-jharkhand,Naukri,Full Time,1.0,,,"BCA, BTECH, MCA",False,38,6
real_mock_290,Software Engineer,Tech Mahindra,"Karnataka, India",Technology,https://unstop.com/jobs?query=Software+Engineer,Unstop,Full Time,1.0,,,"BCA, BTECH, MCA",False,6,3
real_mock_291,Data Analyst,IBM,"Kerala, India",Corporate,https://www.linkedin.com/jobs,Direct MNC,Full Time,1.0,,,"BTECH, MSC, BSC",False,34,7
real_mock_292,Consultant,Teleperformance,"Madhya Pradesh, India",Technology,https://www.linkedin.com/jobs/search/?keywords=Consultant&location=Madhya%20Pradesh,LinkedIn,Full Time,1.0,,,General,False,24,4
real_mock_293,Accountant,Kochar Infotech,"Maharashtra, India",Technology,https://www.naukri.com/accountant-jobs-in-maharashtra,Naukri,Full Time,1.0,,,General,False,7,6
real_mock_294,BCA Intern,Aegis,"Meghalaya, India",Corporate,https://unstop.com/jobs?query=BCA+Intern,Unstop,Full Time,1.0,,,BCA,False,38,7
real_mock_295,MCA Trainee,Aye Finance,"Odisha, India",Technology,https://www.linkedin.com/jobs,Direct MNC,Full Time,1.0,,,MCA,False,30,5
real_mock_296,B.Tech Graduate,JP Morgan,"Punjab, India",Technology,https://www.linkedin.com/jobs/search/?keywords=B.Tech%20Graduate&location=Punjab,LinkedIn,Full Time,1.0,,,BTECH,False,7,3
real_mock_297,HR Manager,Nestle,"Rajasthan, India",Corporate,https://www.naukri.com/hr-manager-jobs-in-rajasthan,Naukri,Full Time,1.0,,,NON-TECH,False,19,4
real_mock_298,Product Manager,Swiggy,"Sikkim, India",Technology,https://unstop.com/jobs?query=Product+Manager,Unstop,Full Time,1.0,,,General,False,28,4
real_mock_299,DevOps Engineer,Flipkart,"Tamil Nadu, India",Technology,https://www.linkedin.com/jobs,Direct MNC,Full Time,1.0,,,"BCA, BTECH, MCA",False,8,7
real_mock_300,Software Engineer,Capgemini,"Telangana, India",Corporate,https://www.linkedin.com/jobs/search/?keywords=Software%20Engineer&location=Telangana,LinkedIn,Full Time,1.0,,,"BCA, BTECH, MCA",True,171,18
real_mock_301,Data Analyst,Cognizant,"Uttar Pradesh, India",Technology,https://www.naukri.com/data-analyst-jobs-in-uttar-pradesh,Naukri,Full Time,1.0,,,"BTECH, MSC, BSC",True,91,8
real_mock_302,Consultant,Deloitte,"Uttarakhand, India",Technology,https://unstop.com/jobs?query=Consultant,Unstop,Full Time,1.0,,,General,True,92,10
real_mock_303,Accountant,Goldman Sachs,"West Bengal, India",Corporate,https://www.linkedin.com/jobs,Direct MNC,Full Time,1.0,,,General,True,95,18
real_mock_304,BCA Intern,KPMG,"Tripura, India",Technology,https://www.linkedin.com/jobs/search/?keywords=BCA%20Intern&location=Tripura,LinkedIn,Full Time,1.0,,,BCA,True,95,21
real_mock_305,MCA Trainee,PwC,"Mumbai (Bombay), India",Technology,https://www.naukri.com/mca-trainee-jobs-in-mumbai-(bombay),Naukri,Full Time,1.0,,,MCA,True,148,21
real_mock_306,B.Tech Graduate,Accenture,"Navi Mumbai, India",Corporate,https://unstop.com/jobs?query=B.Tech+Graduate,Unstop,Full Time,1.0,,,BTECH,True,127,15
real_mock_307,HR Manager,Oracle,"Noida, India",Technology,https://www.linkedin.com/jobs,Direct MNC,Full Time,1.0,,,NON-TECH,True,78,13
real_mock_308,Product Manager,HDFC Bank,"Gurgaon, India",Technology,https://www.linkedin.com/jobs/search/?keywords=Product%20Manager&location=Gurgaon,LinkedIn,Full Time,1.0,,,General,False,45,4
real_mock_309,DevOps Engineer,Coal India,"Gurugram, India",Corporate,https://www.naukri.com/devops-engineer-jobs-in-gurugram,Naukri,Full Time,1.0,,,"BCA, BTECH, MCA",False,25,6
real_mock_310,Software Engineer,TCS,"Bangalore, India",Technology,https://unstop.com/jobs?query=Software+Engineer,Unstop,Full Time,1.0,,,"BCA, BTECH, MCA",False,44,3
real_mock_311,Data Analyst,Infosys,"Chennai, India",Technology,https://www.linkedin.com/jobs,Direct MNC,Full Time,1.0,,,"BTECH, MSC, BSC",False,46,7
real_mock_312,Consultant,Wipro,"Jalpaiguri, India",Corporate,https://www.linkedin.com/jobs/search/?keywords=Consultant&location=Jalpaiguri,LinkedIn,Full Time,1.0,,,General,False,22,5
real_mock_313,Accountant,Reliance,"Pune, India",Technology,https://www.naukri.com/accountant-jobs-in-pune,Naukri,Full Time,1.0,,,General,False,23,6
real_mock_314,BCA Intern,L&T Technology Services,"Hyderabad, India",Technology,https://unstop.com/jobs?query=BCA+Intern,Unstop,Full Time,1.0,,,BCA,False,47,7
real_mock_315,MCA Trainee,Tech Mahindra,"Andhra Pradesh, India",Corporate,https://www.linkedin.com/jobs,Direct MNC,Full Time,1.0,,,MCA,False,36,5
real_mock_316,B.Tech Graduate,IBM,"Assam, India",Technology,https://www.linkedin.com/jobs/search/?keywords=B.Tech%20Graduate&location=Assam,LinkedIn,Full Time,1.0,,,BTECH,False,37,3
real_mock_317,HR Manager,Teleperformance,"Bihar, India",Technology,https://www.naukri.com/hr-manager-jobs-in-bihar,Naukri,Full Time,1.0,,,NON-TECH,False,21,3
real_mock_318,Product Manager,Kochar Infotech,"Chhattisgarh, India",Corporate,https://unstop.com/jobs?query=Product+Manager,Unstop,Full Time,1.0,,,General,False,25,7
real_mock_319,DevOps Engineer,Aegis,"Delhi, India",Technology,https://www.linkedin.com/jobs,Direct MNC,Full Time,1.0,,,"BCA, BTECH, MCA",False,32,5
real_mock_320,Software Engineer,Aye Finance,"Goa, India",Technology,https://www.linkedin.com/jobs/search/?keywords=Software%20Engineer&location=Goa,LinkedIn,Full Time,1.0,,,"BCA, BTECH, MCA",False,46,6
real_mock_321,Data Analyst,JP Morgan,"Gujarat, India",Corporate,https://www.naukri.com/data-analyst-jobs-in-gujarat,Naukri,Full Time,1.0,,,"BTECH, MSC, BSC",False,9,6
real_mock_322,Consultant,Nestle,"Haryana, India",Technology,https://unstop.com/jobs?query=Consultant,Unstop,Full Time,1.0,,,General,False,32,5
real_mock_323,Accountant,Swiggy,"Himachal Pradesh, India",Technology,https://www.linkedin.com/jobs,Direct MNC,Full Time,1.0,,,General,False,26,4
real_mock_324,BCA Intern,Flipkart,"Jharkhand, India",Corporate,https://www.linkedin.com/jobs/search/?keywords=BCA%20Intern&location=Jharkhand,LinkedIn,Full Time,1.0,,,BCA,False,11,3
real_mock_325,MCA Trainee,Capgemini,"Karnataka, India",Technology,https://www.naukri.com/mca-trainee-jobs-in-karnataka,Naukri,Full Time,1.0,,,MCA,True,142,12
real_mock_326,B.Tech Graduate,Cognizant,"Kerala, India",Technology,https://unstop.com/jobs?query=B.Tech+Graduate,Unstop,Full Time,1.0,,,BTECH,True,59,17
real_mock_327,HR Manager,Deloitte,"Madhya Pradesh, India",Corporate,https://www.linkedin.com/jobs,Direct MNC,Full Time,1.0,,,NON-TECH,True,93,14
real_mock_328,Product Manager,Goldman Sachs,"Maharashtra, India",Technology,https://www.linkedin.com/jobs/search/?keywords=Product%20Manager&location=Maharashtra,LinkedIn,Full Time,1.0,,,General,True,123,23
real_mock_329,DevOps Engineer,KPMG,"Meghalaya, India",Technology,https://www.naukri.com/devops-engineer-jobs-in-meghalaya,Naukri,Full Time,1.0,,,"BCA, BTECH, MCA",True,68,15
real_mock_330,Software Engineer,PwC,"Odisha, India",Corporate,https://unstop.com/jobs?query=Software+Engineer,Unstop,Full Time,1.0,,,"BCA, BTECH, MCA",True,132,21
real_mock_331,Data Analyst,Accenture,"Punjab, India",Technology,https://www.linkedin.com/jobs,Direct MNC,Full Time,1.0,,,"BTECH, MSC, BSC",True,137,20
real_mock_332,Consultant,Oracle,"Rajasthan, India",Technology,https://www.linkedin.com/jobs/search/?keywords=Consultant&location=Rajasthan,LinkedIn,Full Time,1.0,,,General,True,122,19
real_mock_333,Accountant,HDFC Bank,"Sikkim, India",Corporate,https://www.naukri.com/accountant-jobs-in-sikkim,Naukri,Full Time,1.0,,,General,False,17,4
real_mock_334,BCA Intern,Coal India,"Tamil Nadu, India",Technology,https://unstop.com/jobs?query=BCA+Intern,Unstop,Full Time,1.0,,,BCA,False,29,5
real_mock_335,MCA Trainee,TCS,"Telangana, India",Technology,https://www.linkedin.com/jobs,Direct MNC,Full Time,1.0,,,MCA,False,41,7
real_mock_336,B.Tech Graduate,Infosys,"Uttar Pradesh, India",Corporate,https://www.linkedin.com/jobs/search/?keywords=B.Tech%20Graduate&location=Uttar%20Pradesh,LinkedIn,Full Time,1.0,,,BTECH,False,11,7
real_mock_337,HR Manager,Wipro,"Uttarakhand, India",Technology,https://www.naukri.com/hr-manager-jobs-in-uttarakhand,Naukri,Full Time,1.0,,,NON-TECH,False,13,6
real_mock_338,Product Manager,Reliance,"West Bengal, India",Technology,https://unstop.com/jobs?query=Product+Manager,Unstop,Full Time,1.0,,,General,False,18,5
real_mock_339,DevOps Engineer,L&T Technology Services,"Tripura, India",Corporate,https://www.linkedin.com/jobs,Direct MNC,Full Time,1.0,,,"BCA, BTECH, MCA",False,32,6
real_mock_340,Software Engineer,Tech Mahindra,"Mumbai (Bombay), India",Technology,https://www.linkedin.com/jobs/search/?keywords=Software%20Engineer&location=Mumbai%20(Bombay),LinkedIn,Full Time,1.0,,,"BCA, BTECH, MCA",False,11,3
real_mock_341,Data Analyst,IBM,"Navi Mumbai, India",Technology,https://www.naukri.com/data-analyst-jobs-in-navi-mumbai,Naukri,Full Time,1.0,,,"BTECH, MSC, BSC",False,45,3
real_mock_342,Consultant,Teleperformance,"Noida, India",Corporate,https://unstop.com/jobs?query=Consultant,Unstop,Full Time,1.0,,,General,False,8,3
real_mock_343,Accountant,Kochar Infotech,"Gurgaon, India",Technology,https://www.linkedin.com/jobs,Direct MNC,Full Time,1.0,,,General,False,31,3
real_mock_344,BCA Intern,Aegis,"Gurugram, India",Technology,https://www.linkedin.com/jobs/search/?keywords=BCA%20Intern&location=Gurugram,LinkedIn,Full Time,1.0,,,BCA,False,46,3
real_mock_345,MCA Trainee,Aye Finance,"Bangalore, India",Corporate,https://www.naukri.com/mca-trainee-jobs-in-bangalore,Naukri,Full Time,1.0,,,MCA,False,34,4
real_mock_346,B.Tech Graduate,JP Morgan,"Chennai, India",Technology,https://unstop.com/jobs?query=B.Tech+Graduate,Unstop,Full Time,1.0,,,BTECH,False,47,7
real_mock_347,HR Manager,Nestle,"Jalpaiguri, India",Technology,https://www.linkedin.com/jobs,Direct MNC,Full Time,1.0,,,NON-TECH,False,6,7
real_mock_348,Product Manager,Swiggy,"Pune, India",Corporate,https://www.linkedin.com/jobs/search/?keywords=Product%20Manager&location=Pune,LinkedIn,Full Time,1.0,,,General,False,35,3
real_mock_349,DevOps Engineer,Flipkart,"Hyderabad, India",Technology,https://www.naukri.com/devops-engineer-jobs-in-hyderabad,Naukri,Full Time,1.0,,,"BCA, BTECH, MCA",False,9,4
real_mock_350,Software Engineer,Capgemini,"Andhra Pradesh, India",Technology,https://unstop.com/jobs?query=Software+Engineer,Unstop,Full Time,1.0,,,"BCA, BTECH, MCA",True,90,6
real_mock_351,Data Analyst,Cognizant,"Assam, India",Corporate,https://www.linkedin.com/jobs,Direct MNC,Full Time,1.0,,,"BTECH, MSC, BSC",True,182,19
real_mock_352,Consultant,Deloitte,"Bihar, India",Technology,https://www.linkedin.com/jobs/search/?keywords=Consultant&location=Bihar,LinkedIn,Full Time,1.0,,,General,True,74,16
real_mock_353,Accountant,Goldman Sachs,"Chhattisgarh, India",Technology,https://www.naukri.com/accountant-jobs-in-chhattisgarh,Naukri,Full Time,1.0,,,General,True,132,19
real_mock_354,BCA Intern,KPMG,"Delhi, India",Corporate,https://unstop.com/jobs?query=BCA+Intern,Unstop,Full Time,1.0,,,BCA,True,178,8
real_mock_355,MCA Trainee,PwC,"Goa, India",Technology,https://www.linkedin.com/jobs,Direct MNC,Full Time,1.0,,,MCA,True,79,8
real_mock_356,B.Tech Graduate,Accenture,"Gujarat, India",Technology,https://www.linkedin.com/jobs/search/?keywords=B.Tech%20Graduate&location=Gujarat,LinkedIn,Full Time,1.0,,,BTECH,True,100,14
real_mock_357,HR Manager,Oracle,"Haryana, India",Corporate,https://www.naukri.com/hr-manager-jobs-in-haryana,Naukri,Full Time,1.0,,,NON-TECH,True,168,14
real_mock_358,Product Manager,HDFC Bank,"Himachal Pradesh, India",Technology,https://unstop.com/jobs?query=Product+Manager,Unstop,Full Time,1.0,,,General,False,45,4
real_mock_359,DevOps Engineer,Coal India,"Jharkhand, India",Technology,https://www.linkedin.com/jobs,Direct MNC,Full Time,1.0,,,"BCA, BTECH, MCA",False,44,3
real_mock_360,Software Engineer,TCS,"Karnataka, India",Corporate,https://www.linkedin.com/jobs/search/?keywords=Software%20Engineer&location=Karnataka,LinkedIn,Full Time,1.0,,,"BCA, BTECH, MCA",False,48,5
real_mock_361,Data Analyst,Infosys,"Kerala, India",Technology,https://www.naukri.com/data-analyst-jobs-in-kerala,Naukri,Full Time,1.0,,,"BTECH, MSC, BSC",False,8,7
real_mock_362,Consultant,Wipro,"Madhya Pradesh, India",Technology,https://unstop.com/jobs?query=Consultant,Unstop,Full Time,1.0,,,General,False,29,7
real_mock_363,Accountant,Reliance,"Maharashtra, India",Corporate,https://www.linkedin.com/jobs,Direct MNC,Full Time,1.0,,,General,False,25,3
real_mock_364,BCA Intern,L&T Technology Services,"Meghalaya, India",Technology,https://www.linkedin.com/jobs/search/?keywords=BCA%20Intern&location=Meghalaya,LinkedIn,Full Time,1.0,,,BCA,False,13,7
real_mock_365,MCA Trainee,Tech Mahindra,"Odisha, India",Technology,https://www.naukri.com/mca-trainee-jobs-in-odisha,Naukri,Full Time,1.0,,,MCA,False,27,4
real_mock_366,B.Tech Graduate,IBM,"Punjab, India",Corporate,https://unstop.com/jobs?query=B.Tech+Graduate,Unstop,Full Time,1.0,,,BTECH,False,9,5
real_mock_367,HR Manager,Teleperformance,"Rajasthan, India",Technology,https://www.linkedin.com/jobs,Direct MNC,Full Time,1.0,,,NON-TECH,False,24,7
real_mock_368,Product Manager,Kochar Infotech,"Sikkim, India",Technology,https://www.linkedin.com/jobs/search/?keywords=Product%20Manager&location=Sikkim,LinkedIn,Full Time,1.0,,,General,False,16,5
real_mock_369,DevOps Engineer,Aegis,"Tamil Nadu, India",Corporate,https://www.naukri.com/devops-engineer-jobs-in-tamil-nadu,Naukri,Full Time,1.0,,,"BCA, BTECH, MCA",False,37,7
real_mock_370,Software Engineer,Aye Finance,"Telangana, India",Technology,https://unstop.com/jobs?query=Software+Engineer,Unstop,Full Time,1.0,,,"BCA, BTECH, MCA",False,37,6
real_mock_371,Data Analyst,JP Morgan,"Uttar Pradesh, India",Technology,https://www.linkedin.com/jobs,Direct MNC,Full Time,1.0,,,"BTECH, MSC, BSC",False,23,3
real_mock_372,Consultant,Nestle,"Uttarakhand, India",Corporate,https://www.linkedin.com/jobs/search/?keywords=Consultant&location=Uttarakhand,LinkedIn,Full Time,1.0,,,General,False,41,3
real_mock_373,Accountant,Swiggy,"West Bengal, India",Technology,https://www.naukri.com/accountant-jobs-in-west-bengal,Naukri,Full Time,1.0,,,General,False,39,6
real_mock_374,BCA Intern,Flipkart,"Tripura, India",Technology,https://unstop.com/jobs?query=BCA+Intern,Unstop,Full Time,1.0,,,BCA,False,27,4
real_mock_375,MCA Trainee,Capgemini,"Mumbai (Bombay), India",Corporate,https://www.linkedin.com/jobs,Direct MNC,Full Time,1.0,,,MCA,True,101,21
real_mock_376,B.Tech Graduate,Cognizant,"Navi Mumbai, India",Technology,https://www.linkedin.com/jobs/search/?keywords=B.Tech%20Graduate&location=Navi%20Mumbai,LinkedIn,Full Time,1.0,,,BTECH,True,107,20
real_mock_377,HR Manager,Deloitte,"Noida, India",Technology,https://www.naukri.com/hr-manager-jobs-in-noida,Naukri,Full Time,1.0,,,NON-TECH,True,118,20
real_mock_378,Product Manager,Goldman Sachs,"Gurgaon, India",Corporate,https://unstop.com/jobs?query=Product+Manager,Unstop,Full Time,1.0,,,General,True,129,11
real_mock_379,DevOps Engineer,KPMG,"Gurugram, India",Technology,https://www.linkedin.com/jobs,Direct MNC,Full Time,1.0,,,"BCA, BTECH, MCA",True,65,14
real_mock_380,Software Engineer,PwC,"Bangalore, India",Technology,https://www.linkedin.com/jobs/search/?keywords=Software%20Engineer&location=Bangalore,LinkedIn,Full Time,1.0,,,"BCA, BTECH, MCA",True,122,8
real_mock_381,Data Analyst,Accenture,"Chennai, India",Corporate,https://www.naukri.com/data-analyst-jobs-in-chennai,Naukri,Full Time,1.0,,,"BTECH, MSC, BSC",True,117,17
real_mock_382,Consultant,Oracle,"Jalpaiguri, India",Technology,https://unstop.com/jobs?query=Consultant,Unstop,Full Time,1.0,,,General,True,55,15
real_mock_383,Accountant,HDFC Bank,"Pune, India",Technology,https://www.linkedin.com/jobs,Direct MNC,Full Time,1.0,,,General,False,20,6
real_mock_384,BCA Intern,Coal India,"Hyderabad, India",Corporate,https://www.linkedin.com/jobs/search/?keywords=BCA%20Intern&location=Hyderabad,LinkedIn,Full Time,1.0,,,BCA,False,23,3
real_mock_385,MCA Trainee,TCS,"Andhra Pradesh, India",Technology,https://www.naukri.com/mca-trainee-jobs-in-andhra-pradesh,Naukri,Full Time,1.0,,,MCA,False,38,7
real_mock_386,B.Tech Graduate,Infosys,"Assam, India",Technology,https://unstop.com/jobs?query=B.Tech+Graduate,Unstop,Full Time,1.0,,,BTECH,False,20,7
real_mock_387,HR Manager,Wipro,"Bihar, India",Corporate,https://www.linkedin.com/jobs,Direct MNC,Full Time,1.0,,,NON-TECH,False,5,3
real_mock_388,Product Manager,Reliance,"Chhattisgarh, India",Technology,https://www.linkedin.com/jobs/search/?keywords=Product%20Manager&location=Chhattisgarh,LinkedIn,Full Time,1.0,,,General,False,21,4
real_mock_389,DevOps Engineer,L&T Technology Services,"Delhi, India",Technology,https://www.naukri.com/devops-engineer-jobs-in-delhi,Naukri,Full Time,1.0,,,"BCA, BTECH, MCA",False,47,3
real_mock_390,Software Engineer,Tech Mahindra,"Goa, India",Corporate,https://unstop.com/jobs?query=Software+Engineer,Unstop,Full Time,1.0,,,"BCA, BTECH, MCA",False,21,7
real_mock_391,Data Analyst,IBM,"Gujarat, India",Technology,https://www.linkedin.com/jobs,Direct MNC,Full Time,1.0,,,"BTECH, MSC, BSC",False,6,3
real_mock_392,Consultant,Teleperformance,"Haryana, India",Technology,https://www.linkedin.com/jobs/search/?keywords=Consultant&location=Haryana,LinkedIn,Full Time,1.0,,,General,False,28,7
real_mock_393,Accountant,Kochar Infotech,"Himachal Pradesh, India",Corporate,https://www.naukri.com/accountant-jobs-in-himachal-pradesh,Naukri,Full Time,1.0,,,General,False,44,3
real_mock_394,BCA Intern,Aegis,"Jharkhand, India",Technology,https://unstop.com/jobs?query=BCA+Intern,Unstop,Full Time,1.0,,,BCA,False,5,5
real_mock_395,MCA Trainee,Aye Finance,"Karnataka, India",Technology,https://www.linkedin.com/jobs,Direct MNC,Full Time,1.0,,,MCA,False,10,3
real_mock_396,B.Tech Graduate,JP Morgan,"Kerala, India",Corporate,https://www.linkedin.com/jobs/search/?keywords=B.Tech%20Graduate&location=Kerala,LinkedIn,Full Time,1.0,,,BTECH,False,8,7
real_mock_397,HR Manager,Nestle,"Madhya Pradesh, India",Technology,https://www.naukri.com/hr-manager-jobs-in-madhya-pradesh,Naukri,Full Time,1.0,,,NON-TECH,False,14,4
real_mock_398,Product Manager,Swiggy,"Maharashtra, India",Technology,https://unstop.com/jobs?query=Product+Manager,Unstop,Full Time,1.0,,,General,False,26,4
real_mock_399,DevOps Engineer,Flipkart,"Meghalaya, India",Corporate,https://www.linkedin.com/jobs,Direct MNC,Full Time,1.0,,,"BCA, BTECH, MCA",False,7,5
real_mock_400,Software Engineer,Capgemini,"Odisha, India",Technology,https://www.linkedin.com/jobs/search/?keywords=Software%20Engineer&location=Odisha,LinkedIn,Full Time,1.0,,,"BCA, BTECH, MCA",True,100,9
real_mock_401,Data Analyst,Cognizant,"Punjab, India",Technology,https://www.naukri.com/data-analyst-jobs-in-punjab,Naukri,Full Time,1.0,,,"BTECH, MSC, BSC",True,98,17
real_mock_402,Consultant,Deloitte,"Rajasthan, India",Corporate,https://unstop.com/jobs?query=Consultant,Unstop,Full Time,1.0,,,General,True,50,12
real_mock_403,Accountant,Goldman Sachs,"Sikkim, India",Technology,https://www.linkedin.com/jobs,Direct MNC,Full Time,1.0,,,General,True,116,12
real_mock_404,BCA Intern,KPMG,"Tamil Nadu, India",Technology,https://www.linkedin.com/jobs/search/?keywords=BCA%20Intern&location=Tamil%20Nadu,LinkedIn,Full Time,1.0,,,BCA,True,136,11
real_mock_405,MCA Trainee,PwC,"Telangana, India",Corporate,https://www.naukri.com/mca-trainee-jobs-in-telangana,Naukri,Full Time,1.0,,,MCA,True,187,11
real_mock_406,B.Tech Graduate,Accenture,"Uttar Pradesh, India",Technology,https://unstop.com/jobs?query=B.Tech+Graduate,Unstop,Full Time,1.0,,,BTECH,True,129,17
real_mock_407,HR Manager,Oracle,"Uttarakhand, India",Technology,https://www.linkedin.com/jobs,Direct MNC,Full Time,1.0,,,NON-TECH,True,95,14
real_mock_408,Product Manager,HDFC Bank,"West Bengal, India",Corporate,https://www.linkedin.com/jobs/search/?keywords=Product%20Manager&location=West%20Bengal,LinkedIn,Full Time,1.0,,,General,False,11,3
real_mock_409,DevOps Engineer,Coal India,"Tripura, India",Technology,https://www.naukri.com/devops-engineer-jobs-in-tripura,Naukri,Full Time,1.0,,,"BCA, BTECH, MCA",False,9,3
real_mock_410,Software Engineer,TCS,"Mumbai (Bombay), India",Technology,https://unstop.com/jobs?query=Software+Engineer,Unstop,Full Time,1.0,,,"BCA, BTECH, MCA",False,30,7
real_mock_411,Data Analyst,Infosys,"Navi Mumbai, India",Corporate,https://www.linkedin.com/jobs,Direct MNC,Full Time,1.0,,,"BTECH, MSC, BSC",False,40,7
real_mock_412,Consultant,Wipro,"Noida, India",Technology,https://www.linkedin.com/jobs/search/?keywords=Consultant&location=Noida,LinkedIn,Full Time,1.0,,,General,False,11,4
real_mock_413,Accountant,Reliance,"Gurgaon, India",Technology,https://www.naukri.com/accountant-jobs-in-gurgaon,Naukri,Full Time,1.0,,,General,False,47,4
real_mock_414,BCA Intern,L&T Technology Services,"Gurugram, India",Corporate,https://unstop.com/jobs?query=BCA+Intern,Unstop,Full Time,1.0,,,BCA,False,20,7
real_mock_415,MCA Trainee,Tech Mahindra,"Bangalore, India",Technology,https://www.linkedin.com/jobs,Direct MNC,Full Time,1.0,,,MCA,False,9,7
real_mock_416,B.Tech Graduate,IBM,"Chennai, India",Technology,https://www.linkedin.com/jobs/search/?keywords=B.Tech%20Graduate&location=Chennai,LinkedIn,Full Time,1.0,,,BTECH,False,29,6
real_mock_417,HR Manager,Teleperformance,"Jalpaiguri, India",Corporate,https://www.naukri.com/hr-manager-jobs-in-jalpaiguri,Naukri,Full Time,1.0,,,NON-TECH,False,44,6
real_mock_418,Product Manager,Kochar Infotech,"Pune, India",Technology,https://unstop.com/jobs?query=Product+Manager,Unstop,Full Time,1.0,,,General,False,23,5
real_mock_419,DevOps Engineer,Aegis,"Hyderabad, India",Technology,https://www.linkedin.com/jobs,Direct MNC,Full Time,1.0,,,"BCA, BTECH, MCA",False,26,4
real_mock_420,Software Engineer,Aye Finance,"Andhra Pradesh, India",Corporate,https://www.linkedin.com/jobs/search/?keywords=Software%20Engineer&location=Andhra%20Pradesh,LinkedIn,Full Time,1.0,,,"BCA, BTECH, MCA",False,15,6
real_mock_421,Data Analyst,JP Morgan,"Assam, India",Technology,https://www.naukri.com/data-analyst-jobs-in-assam,Naukri,Full Time,1.0,,,"BTECH, MSC, BSC",False,37,4
real_mock_422,Consultant,Nestle,"Bihar, India",Technology,https://unstop.com/jobs?query=Consultant,Unstop,Full Time,1.0,,,General,False,36,3
real_mock_423,Accountant,Swiggy,"Chhattisgarh, India",Corporate,https://www.linkedin.com/jobs,Direct MNC,Full Time,1.0,,,General,False,14,3
real_mock_424,BCA Intern,Flipkart,"Delhi, India",Technology,https://www.linkedin.com/jobs/search/?keywords=BCA%20Intern&location=Delhi,LinkedIn,Full Time,1.0,,,BCA,False,43,6
real_mock_425,MCA Trainee,Capgemini,"Goa, India",Technology,https://www.naukri.com/mca-trainee-jobs-in-goa,Naukri,Full Time,1.0,,,MCA,True,158,21
real_mock_426,B.Tech Graduate,Cognizant,"Gujarat, India",Corporate,https://unstop.com/jobs?query=B.Tech+Graduate,Unstop,Full Time,1.0,,,BTECH,True,132,18
real_mock_427,HR Manager,Deloitte,"Haryana, India",Technology,https://www.linkedin.com/jobs,Direct MNC,Full Time,1.0,,,NON-TECH,True,151,9
real_mock_428,Product Manager,Goldman Sachs,"Himachal Pradesh, India",Technology,https://www.linkedin.com/jobs/search/?keywords=Product%20Manager&location=Himachal%20Pradesh,LinkedIn,Full Time,1.0,,,General,True,125,9
real_mock_429,DevOps Engineer,KPMG,"Jharkhand, India",Corporate,https://www.naukri.com/devops-engineer-jobs-in-jharkhand,Naukri,Full Time,1.0,,,"BCA, BTECH, MCA",True,72,17
real_mock_430,Software Engineer,PwC,"Karnataka, India",Technology,https://unstop.com/jobs?query=Software+Engineer,Unstop,Full Time,1.0,,,"BCA, BTECH, MCA",True,103,10
real_mock_431,Data Analyst,Accenture,"Kerala, India",Technology,https://www.linkedin.com/jobs,Direct MNC,Full Time,1.0,,,"BTECH, MSC, BSC",True,161,20
real_mock_432,Consultant,Oracle,"Madhya Pradesh, India",Corporate,https://www.linkedin.com/jobs/search/?keywords=Consultant&location=Madhya%20Pradesh,LinkedIn,Full Time,1.0,,,General,True,91,10
real_mock_433,Accountant,HDFC Bank,"Maharashtra, India",Technology,https://www.naukri.com/accountant-jobs-in-maharashtra,Naukri,Full Time,1.0,,,General,False,19,4
real_mock_434,BCA Intern,Coal India,"Meghalaya, India",Technology,https://unstop.com/jobs?query=BCA+Intern,Unstop,Full Time,1.0,,,BCA,False,30,6
real_mock_435,MCA Trainee,TCS,"Odisha, India",Corporate,https://www.linkedin.com/jobs,Direct MNC,Full Time,1.0,,,MCA,False,34,3
real_mock_436,B.Tech Graduate,Infosys,"Punjab, India",Technology,https://www.linkedin.com/jobs/search/?keywords=B.Tech%20Graduate&location=Punjab,LinkedIn,Full Time,1.0,,,BTECH,False,18,5
real_mock_437,HR Manager,Wipro,"Rajasthan, India",Technology,https://www.naukri.com/hr-manager-jobs-in-rajasthan,Naukri,Full Time,1.0,,,NON-TECH,False,15,3
real_mock_438,Product Manager,Reliance,"Sikkim, India",Corporate,https://unstop.com/jobs?query=Product+Manager,Unstop,Full Time,1.0,,,General,False,22,5
real_mock_439,DevOps Engineer,L&T Technology Services,"Tamil Nadu, India",Technology,https://www.linkedin.com/jobs,Direct MNC,Full Time,1.0,,,"BCA, BTECH, MCA",False,22,4
real_mock_440,Software Engineer,Tech Mahindra,"Telangana, India",Technology,https://www.linkedin.com/jobs/search/?keywords=Software%20Engineer&location=Telangana,LinkedIn,Full Time,1.0,,,"BCA, BTECH, MCA",False,47,5
real_mock_441,Data Analyst,IBM,"Uttar Pradesh, India",Corporate,https://www.naukri.com/data-analyst-jobs-in-uttar-pradesh,Naukri,Full Time,1.0,,,"BTECH, MSC, BSC",False,27,3
real_mock_442,Consultant,Teleperformance,"Uttarakhand, India",Technology,https://unstop.com/jobs?query=Consultant,Unstop,Full Time,1.0,,,General,False,49,6
real_mock_443,Accountant,Kochar Infotech,"West Bengal, India",Technology,https://www.linkedin.com/jobs,Direct MNC,Full Time,1.0,,,General,False,44,5
real_mock_444,BCA Intern,Aegis,"Tripura, India",Corporate,https://www.linkedin.com/jobs/search/?keywords=BCA%20Intern&location=Tripura,LinkedIn,Full Time,1.0,,,BCA,False,18,5
real_mock_445,MCA Trainee,Aye Finance,"Mumbai (Bombay), India",Technology,https://www.naukri.com/mca-trainee-jobs-in-mumbai-(bombay),Naukri,Full Time,1.0,,,MCA,False,44,4
real_mock_446,B.Tech Graduate,JP Morgan,"Navi Mumbai, India",Technology,https://unstop.com/jobs?query=B.Tech+Graduate,Unstop,Full Time,1.0,,,BTECH,False,23,3
real_mock_447,HR Manager,Nestle,"Noida, India",Corporate,https://www.linkedin.com/jobs,Direct MNC,Full Time,1.0,,,NON-TECH,False,18,4
real_mock_448,Product Manager,Swiggy,"Gurgaon, India",Technology,https://www.linkedin.com/jobs/search/?keywords=Product%20Manager&location=Gurgaon,LinkedIn,Full Time,1.0,,,General,False,15,5
real_mock_449,DevOps Engineer,Flipkart,"Gurugram, India",Technology,https://www.naukri.com/devops-engineer-jobs-in-gurugram,Naukri,Full Time,1.0,,,"BCA, BTECH, MCA",False,19,6
real_mock_450,Software Engineer,Capgemini,"Bangalore, India",Corporate,https://unstop.com/jobs?query=Software+Engineer,Unstop,Full Time,1.0,,,"BCA, BTECH, MCA",True,135,12
real_mock_451,Data Analyst,Cognizant,"Chennai, India",Technology,https://www.linkedin.com/jobs,Direct MNC,Full Time,1.0,,,"BTECH, MSC, BSC",True,86,20
real_mock_452,Consultant,Deloitte,"Jalpaiguri, India",Technology,https://www.linkedin.com/jobs/search/?keywords=Consultant&location=Jalpaiguri,LinkedIn,Full Time,1.0,,,General,True,61,14
real_mock_453,Accountant,Goldman Sachs,"Pune, India",Corporate,https://www.naukri.com/accountant-jobs-in-pune,Naukri,Full Time,1.0,,,General,True,129,12
real_mock_454,BCA Intern,KPMG,"Hyderabad, India",Technology,https://unstop.com/jobs?query=BCA+Intern,Unstop,Full Time,1.0,,,BCA,True,92,12
real_mock_455,MCA Trainee,PwC,"Andhra Pradesh, India",Technology,https://www.linkedin.com/jobs,Direct MNC,Full Time,1.0,,,MCA,True,82,24
real_mock_456,B.Tech Graduate,Accenture,"Assam, India",Corporate,https://www.linkedin.com/jobs/search/?keywords=B.Tech%20Graduate&location=Assam,LinkedIn,Full Time,1.0,,,BTECH,True,59,22
real_mock_457,HR Manager,Oracle,"Bihar, India",Technology,https://www.naukri.com/hr-manager-jobs-in-bihar,Naukri,Full Time,1.0,,,NON-TECH,True,101,17
real_mock_458,Product Manager,HDFC Bank,"Chhattisgarh, India",Technology,https://unstop.com/jobs?query=Product+Manager,Unstop,Full Time,1.0,,,General,False,40,7
real_mock_459,DevOps Engineer,Coal India,"Delhi, India",Corporate,https://www.linkedin.com/jobs,Direct MNC,Full Time,1.0,,,"BCA, BTECH, MCA",False,30,5
real_mock_460,Software Engineer,TCS,"Goa, India",Technology,https://www.linkedin.com/jobs/search/?keywords=Software%20Engineer&location=Goa,LinkedIn,Full Time,1.0,,,"BCA, BTECH, MCA",False,44,7
real_mock_461,Data Analyst,Infosys,"Gujarat, India",Technology,https://www.naukri.com/data-analyst-jobs-in-gujarat,Naukri,Full Time,1.0,,,"BTECH, MSC, BSC",False,30,6
real_mock_462,Consultant,Wipro,"Haryana, India",Corporate,https://unstop.com/jobs?query=Consultant,Unstop,Full Time,1.0,,,General,False,11,7
real_mock_463,Accountant,Reliance,"Himachal Pradesh, India",Technology,https://www.linkedin.com/jobs,Direct MNC,Full Time,1.0,,,General,False,15,5
real_mock_464,BCA Intern,L&T Technology Services,"Jharkhand, India",Technology,https://www.linkedin.com/jobs/search/?keywords=BCA%20Intern&location=Jharkhand,LinkedIn,Full Time,1.0,,,BCA,False,40,5
real_mock_465,MCA Trainee,Tech Mahindra,"Karnataka, India",Corporate,https://www.naukri.com/mca-trainee-jobs-in-karnataka,Naukri,Full Time,1.0,,,MCA,False,12,4
real_mock_466,B.Tech Graduate,IBM,"Kerala, India",Technology,https://unstop.com/jobs?query=B.Tech+Graduate,Unstop,Full Time,1.0,,,BTECH,False,47,5
real_mock_467,HR Manager,Teleperformance,"Madhya Pradesh, India",Technology,https://www.linkedin.com/jobs,Direct MNC,Full Time,1.0,,,NON-TECH,False,40,7
real_mock_468,Product Manager,Kochar Infotech,"Maharashtra, India",Corporate,https://www.linkedin.com/jobs/search/?keywords=Product%20Manager&location=Maharashtra,LinkedIn,Full Time,1.0,,,General,False,47,4
real_mock_469,DevOps Engineer,Aegis,"Meghalaya, India",Technology,https://www.naukri.com/devops-engineer-jobs-in-meghalaya,Naukri,Full Time,1.0,,,"BCA, BTECH, MCA",False,19,6
real_mock_470,Software Engineer,Aye Finance,"Odisha, India",Technology,https://unstop.com/jobs?query=Software+Engineer,Unstop,Full Time,1.0,,,"BCA, BTECH, MCA",False,15,6
real_mock_471,Data Analyst,JP Morgan,"Punjab, India",Corporate,https://www.linkedin.com/jobs,Direct MNC,Full Time,1.0,,,"BTECH, MSC, BSC",False,28,7
real_mock_472,Consultant,Nestle,"Rajasthan, India",Technology,https://www.linkedin.com/jobs/search/?keywords=Consultant&location=Rajasthan,LinkedIn,Full Time,1.0,,,General,False,26,3
real_mock_473,Accountant,Swiggy,"Sikkim, India",Technology,https://www.naukri.com/accountant-jobs-in-sikkim,Naukri,Full Time,1.0,,,General,False,17,3
real_mock_474,BCA Intern,Flipkart,"Tamil Nadu, India",Corporate,https://unstop.com/jobs?query=BCA+Intern,Unstop,Full Time,1.0,,,BCA,False,32,7
real_mock_475,MCA Trainee,Capgemini,"Telangana, India",Technology,https://www.linkedin.com/jobs,Direct MNC,Full Time,1.0,,,MCA,True,199,19
real_mock_476,B.Tech Graduate,Cognizant,"Uttar Pradesh, India",Technology,https://www.linkedin.com/jobs/search/?keywords=B.Tech%20Graduate&location=Uttar%20Pradesh,LinkedIn,Full Time,1.0,,,BTECH,True,134,10
real_mock_477,HR Manager,Deloitte,"Uttarakhand, India",Corporate,https://www.naukri.com/hr-manager-jobs-in-uttarakhand,Naukri,Full Time,1.0,,,NON-TECH,True,199,6
real_mock_478,Product Manager,Goldman Sachs,"West Bengal, India",Technology,https://unstop.com/jobs?query=Product+Manager,Unstop,Full Time,1.0,,,General,True,69,17
real_mock_479,DevOps Engineer,KPMG,"Tripura, India",Technology,https://www.linkedin.com/jobs,Direct MNC,Full Time,1.0,,,"BCA, BTECH, MCA",True,51,19
real_mock_480,Software Engineer,PwC,"Mumbai (Bombay), India",Corporate,https://www.linkedin.com/jobs/search/?keywords=Software%20Engineer&location=Mumbai%20(Bombay),LinkedIn,Full Time,1.0,,,"BCA, BTECH, MCA",True,110,23
real_mock_481,Data Analyst,Accenture,"Navi Mumbai, India",Technology,https://www.naukri.com/data-analyst-jobs-in-navi-mumbai,Naukri,Full Time,1.0,,,"BTECH, MSC, BSC",True,51,11
real_mock_482,Consultant,Oracle,"Noida, India",Technology,https://unstop.com/jobs?query=Consultant,Unstop,Full Time,1.0,,,General,True,84,22
real_mock_483,Accountant,HDFC Bank,"Gurgaon, India",Corporate,https://www.linkedin.com/jobs,Direct MNC,Full Time,1.0,,,General,False,31,6
real_mock_484,BCA Intern,Coal India,"Gurugram, India",Technology,https://www.linkedin.com/jobs/search/?keywords=BCA%20Intern&location=Gurugram,LinkedIn,Full Time,1.0,,,BCA,False,12,7
real_mock_485,MCA Trainee,TCS,"Bangalore, India",Technology,https://www.naukri.com/mca-trainee-jobs-in-bangalore,Naukri,Full Time,1.0,,,MCA,False,42,7
real_mock_486,B.Tech Graduate,Infosys,"Chennai, India",Corporate,https://unstop.com/jobs?query=B.Tech+Graduate,Unstop,Full Time,1.0,,,BTECH,False,13,6
real_mock_487,HR Manager,Wipro,"Jalpaiguri, India",Technology,https://www.linkedin.com/jobs,Direct MNC,Full Time,1.0,,,NON-TECH,False,46,5
real_mock_488,Product Manager,Reliance,"Pune, India",Technology,https://www.linkedin.com/jobs/search/?keywords=Product%20Manager&location=Pune,LinkedIn,Full Time,1.0,,,General,False,26,6
real_mock_489,DevOps Engineer,L&T Technology Services,"Hyderabad, India",Corporate,https://www.naukri.com/devops-engineer-jobs-in-hyderabad,Naukri,Full Time,1.0,,,"BCA, BTECH, MCA",False,5,7
real_mock_490,Software Engineer,Tech Mahindra,"Andhra Pradesh, India",Technology,https://unstop.com/jobs?query=Software+Engineer,Unstop,Full Time,1.0,,,"BCA, BTECH, MCA",False,18,4
real_mock_491,Data Analyst,IBM,"Assam, India",Technology,https://www.linkedin.com/jobs,Direct MNC,Full Time,1.0,,,"BTECH, MSC, BSC",False,8,4
real_mock_492,Consultant,Teleperformance,"Bihar, India",Corporate,https://www.linkedin.com/jobs/search/?keywords=Consultant&location=Bihar,LinkedIn,Full Time,1.0,,,General,False,13,7
real_mock_493,Accountant,Kochar Infotech,"Chhattisgarh, India",Technology,https://www.naukri.com/accountant-jobs-in-chhattisgarh,Naukri,Full Time,1.0,,,General,False,22,6
real_mock_494,BCA Intern,Aegis,"Delhi, India",Technology,https://unstop.com/jobs?query=BCA+Intern,Unstop,Full Time,1.0,,,BCA,False,33,7
real_mock_495,MCA Trainee,Aye Finance,"Goa, India",Corporate,https://www.linkedin.com/jobs,Direct MNC,Full Time,1.0,,,MCA,False,35,5
real_mock_496,B.Tech Graduate,JP Morgan,"Gujarat, India",Technology,https://www.linkedin.com/jobs/search/?keywords=B.Tech%20Graduate&location=Gujarat,LinkedIn,Full Time,1.0,,,BTECH,False,40,6
real_mock_497,HR Manager,Nestle,"Haryana, India",Technology,https://www.naukri.com/hr-manager-jobs-in-haryana,Naukri,Full Time,1.0,,,NON-TECH,False,7,6
real_mock_498,Product Manager,Swiggy,"Himachal Pradesh, India",Corporate,https://unstop.com/jobs?query=Product+Manager,Unstop,Full Time,1.0,,,General,False,46,5
real_mock_499,DevOps Engineer,Flipkart,"Jharkhand, India",Technology,https://www.linkedin.com/jobs,Direct MNC,Full Time,1.0,,,"BCA, BTECH, MCA",False,13,4
